PRAGMA foreign_keys=OFF;
BEGIN TRANSACTION;
CREATE TABLE info
		(
			key text primary key,
			value text
		);
INSERT INTO info VALUES('type','drakon');
INSERT INTO info VALUES('version','31');
INSERT INTO info VALUES('start_version','1');
INSERT INTO info VALUES('language','C');
CREATE TABLE diagrams
(
	diagram_id integer primary key,
	name text unique,
	origin text,
	description text,
	zoom double
);
INSERT INTO diagrams VALUES(18,'Card_Validity_Check','88 290','CVC',75.0);
INSERT INTO diagrams VALUES(19,'Online_Request','10 30','',75.0);
INSERT INTO diagrams VALUES(20,'Transaction_Completion','10 30','',75.0);
INSERT INTO diagrams VALUES(21,'Cvc_Check_Amount','30 40','',75.0);
INSERT INTO diagrams VALUES(22,'Check_Online_Performed','60 30','',75.0);
INSERT INTO diagrams VALUES(25,'Kernel_Activation','10 30','',75.0);
INSERT INTO diagrams VALUES(26,'Profile_Selection','10 30','',75.0);
INSERT INTO diagrams VALUES(27,'Kernel_Processing','10 30','',75.0);
INSERT INTO diagrams VALUES(28,'Outcome_Processing','10 30','',75.0);
INSERT INTO diagrams VALUES(29,'Pre_Processing','-30 30','',75.0);
INSERT INTO diagrams VALUES(30,'Technology_Selection','10 30','',75.0);
INSERT INTO diagrams VALUES(31,'Dcc_Processing','-10 30','',75.0);
INSERT INTO diagrams VALUES(32,'Transaction_Dcc_Eligibility','-60 30','',75.0);
INSERT INTO diagrams VALUES(33,'Update_Pre_Authorisation','74 56','',75.0);
INSERT INTO diagrams VALUES(34,'Upa_Specific_Processing','3252 84',NULL,75.0);
INSERT INTO diagrams VALUES(35,'Process_Profile_Parameters','0 0','',75.0);
CREATE TABLE state
(
	row integer primary key,
	current_dia integer,
	description text
);
INSERT INTO state VALUES(1,34,replace('=== h_header ===\n#include "Common.h"\n\n=== c_header ===\n#include <stdbool.h>\n#include "Interface.h"','\n',char(10)));
CREATE TABLE items
(
	item_id integer primary key,
	diagram_id integer,
	type text,
	text text,
	selected integer,
	x integer,
	y integer,
	w integer,
	h integer,
	a integer,
	b integer,
	aux_value integer,
	color text,
	format text,
	text2 text
);
INSERT INTO items VALUES(628,18,'beginend','Card_Validity_Check',0,270,320,90,20,60,0,NULL,'',NULL,'');
INSERT INTO items VALUES(629,18,'beginend','End',0,4770,640,50,20,60,0,NULL,'',NULL,'');
INSERT INTO items VALUES(630,18,'vertical','',0,270,320,0,850,0,0,NULL,'',NULL,'');
INSERT INTO items VALUES(631,18,'vertical','',0,700,390,0,780,0,0,NULL,'',NULL,'');
INSERT INTO items VALUES(632,18,'vertical','',0,4770,390,0,250,0,0,NULL,'',NULL,'');
INSERT INTO items VALUES(633,18,'horizontal','',0,270,390,4500,0,0,0,NULL,'',NULL,'');
INSERT INTO items VALUES(634,18,'arrow','',0,110,390,160,780,4410,1,NULL,'',NULL,'');
INSERT INTO items VALUES(635,18,'branch','(A) Pre-Processing',0,270,440,110,30,60,0,NULL,'',NULL,'');
INSERT INTO items VALUES(636,18,'address',replace('(B) Tech\nSelection','\n',char(10)),0,270,1090,110,40,60,0,NULL,'',NULL,'');
INSERT INTO items VALUES(637,18,'branch',replace('(B) Tech\nSelection','\n',char(10)),0,700,450,110,40,60,0,NULL,'',NULL,'');
INSERT INTO items VALUES(638,18,'branch','(I) Completion',0,4770,440,110,30,60,0,NULL,'',NULL,'');
INSERT INTO items VALUES(639,18,'address',replace('(G) Non EMV\nchip based\nprocessing','\n',char(10)),0,700,1090,110,40,60,0,NULL,'',NULL,'');
INSERT INTO items VALUES(640,18,'horizontal','',0,270,320,270,0,0,0,NULL,'',NULL,'');
INSERT INTO items VALUES(641,18,'action','public',0,560,320,50,20,0,0,NULL,'',NULL,'');
INSERT INTO items VALUES(642,18,'branch',replace('(C) App Profile\nselection','\n',char(10)),0,1310,450,110,40,60,0,NULL,'',NULL,'');
INSERT INTO items VALUES(643,18,'branch',replace('(D) Kernel\nActivation','\n',char(10)),0,2220,450,110,40,60,0,NULL,'',NULL,'');
INSERT INTO items VALUES(644,18,'branch',replace('(E) Outcome\nProcessing','\n',char(10)),0,2670,450,160,40,60,0,NULL,'',NULL,'');
INSERT INTO items VALUES(645,18,'branch','(H) FAIL',0,4520,440,110,30,60,0,NULL,'',NULL,'');
INSERT INTO items VALUES(646,18,'vertical','',0,1310,390,0,780,0,0,NULL,'',NULL,'');
INSERT INTO items VALUES(647,18,'address',replace('(D) Kernel\nActivation','\n',char(10)),0,1310,1090,110,40,60,0,NULL,'',NULL,'');
INSERT INTO items VALUES(648,18,'address',replace('(B) Tech\nSelection','\n',char(10)),0,1630,1090,60,40,60,0,NULL,'',NULL,'');
INSERT INTO items VALUES(649,18,'address',replace('(E) Outcome\nProcessing','\n',char(10)),0,1800,1090,80,40,60,0,NULL,'',NULL,'');
INSERT INTO items VALUES(650,18,'address','(I) Completion',0,1970,1100,70,30,60,0,NULL,'',NULL,'');
INSERT INTO items VALUES(651,18,'insertion','Pre_Processing();',0,270,900,110,20,60,0,NULL,'',NULL,'');
INSERT INTO items VALUES(652,18,'if','tg_ctd->Result == R_OK',0,270,980,110,20,80,1,NULL,'',NULL,'');
INSERT INTO items VALUES(653,18,'vertical','',0,460,980,0,190,0,0,NULL,'',NULL,'');
INSERT INTO items VALUES(654,18,'address','(H) FAIL',0,460,1100,50,30,60,0,NULL,'',NULL,'');
INSERT INTO items VALUES(655,18,'insertion','Technology_Selection();',0,700,800,110,20,60,0,NULL,'',NULL,'');
INSERT INTO items VALUES(656,18,'insertion','Profile_Selection();',0,1310,650,110,20,60,0,NULL,'',NULL,'');
INSERT INTO items VALUES(657,18,'select','tg_ctd->Result',0,1310,740,110,20,60,0,NULL,'',NULL,'');
INSERT INTO items VALUES(658,18,'horizontal','',0,1310,780,660,0,0,0,NULL,'',NULL,'');
INSERT INTO items VALUES(659,18,'case','R_OK',0,1310,820,110,20,60,0,NULL,'',NULL,'');
INSERT INTO items VALUES(660,18,'case','R_TAP_AGAIN',0,1630,820,60,20,60,0,NULL,'',NULL,'');
INSERT INTO items VALUES(661,18,'case','R_END_APPLICATION',0,1800,820,80,20,60,0,NULL,'',NULL,'');
INSERT INTO items VALUES(662,18,'vertical','',0,1630,780,0,390,0,0,NULL,'',NULL,'');
INSERT INTO items VALUES(663,18,'vertical','',0,1800,780,0,390,0,0,NULL,'',NULL,'');
INSERT INTO items VALUES(664,18,'case','',0,1970,820,70,20,60,0,NULL,'',NULL,'');
INSERT INTO items VALUES(665,18,'address',replace('(C) App Profile\nselection','\n',char(10)),0,1060,1090,70,40,60,0,NULL,'',NULL,'');
INSERT INTO items VALUES(666,18,'address','(H) FAIL',0,910,1100,50,30,60,0,NULL,'',NULL,'');
INSERT INTO items VALUES(667,18,'vertical','',0,1970,780,0,390,0,0,NULL,'',NULL,'');
INSERT INTO items VALUES(668,18,'select','tg_ctd->Result',0,700,880,110,20,60,0,NULL,'',NULL,'');
INSERT INTO items VALUES(669,18,'horizontal','',0,700,930,360,0,0,0,NULL,'',NULL,'');
INSERT INTO items VALUES(670,18,'case','R_NON_EMV',0,700,970,110,20,60,0,NULL,'',NULL,'');
INSERT INTO items VALUES(671,18,'case','R_NOK',0,910,970,50,20,60,0,NULL,'',NULL,'');
INSERT INTO items VALUES(672,18,'case','',0,1060,970,70,20,60,0,NULL,'',NULL,'');
INSERT INTO items VALUES(673,18,'vertical','',0,910,930,0,240,0,0,NULL,'',NULL,'');
INSERT INTO items VALUES(674,18,'vertical','',0,1060,930,0,240,0,0,NULL,'',NULL,'');
INSERT INTO items VALUES(675,18,'branch',replace('(G) Non EMV\nchip based\nprocessing','\n',char(10)),0,4310,450,80,40,60,0,NULL,'',NULL,'');
INSERT INTO items VALUES(676,18,'insertion','Cvc_Check_Amount();',0,1310,890,110,20,60,0,NULL,'',NULL,'');
INSERT INTO items VALUES(677,18,'if','tg_ctd->Result == R_OK',0,1310,970,110,20,80,1,NULL,'',NULL,'');
INSERT INTO items VALUES(678,18,'vertical','',0,1500,970,0,200,0,0,NULL,'',NULL,'');
INSERT INTO items VALUES(679,18,'address','(H) FAIL',0,1500,1100,50,30,60,0,NULL,'',NULL,'');
INSERT INTO items VALUES(680,18,'vertical','',0,2220,390,0,780,0,0,NULL,'',NULL,'');
INSERT INTO items VALUES(681,18,'insertion','Kernel_Activation();',0,2220,700,110,20,60,0,NULL,'',NULL,'');
INSERT INTO items VALUES(682,18,'if','tg_ctd->Result == R_OK',0,2220,770,110,20,80,1,NULL,'',NULL,'');
INSERT INTO items VALUES(683,18,'vertical','',0,2410,770,0,400,0,0,NULL,'',NULL,'');
INSERT INTO items VALUES(684,18,'address','(H) FAIL',0,2410,1100,50,30,60,0,NULL,'',NULL,'');
INSERT INTO items VALUES(685,18,'address',replace('(E) Outcome\nProcessing','\n',char(10)),0,2220,1090,110,40,60,0,NULL,'',NULL,'');
INSERT INTO items VALUES(686,18,'insertion','Kernel_Processing();',0,2220,860,110,20,60,0,NULL,'',NULL,'');
INSERT INTO items VALUES(687,18,'if','tg_ctd->Result == R_OK',0,2220,930,110,20,80,1,NULL,'',NULL,'');
INSERT INTO items VALUES(688,18,'vertical','',0,2670,390,0,780,0,0,NULL,'',NULL,'');
INSERT INTO items VALUES(689,18,'insertion','Outcome_Processing();',0,2670,770,160,20,60,0,NULL,'',NULL,'');
INSERT INTO items VALUES(690,18,'if','tg_ctd->Outcome == O_ONLINE_REQUEST',0,2670,930,160,20,100,1,NULL,'',NULL,'');
INSERT INTO items VALUES(691,18,'vertical','',0,2930,930,0,240,0,0,NULL,'',NULL,'');
INSERT INTO items VALUES(692,18,'insertion','Online_Request();',0,3270,540,110,20,60,0,NULL,'',NULL,'');
INSERT INTO items VALUES(693,18,'if','tg_ctd->Result == R_OK',0,2670,850,160,20,250,1,NULL,'',NULL,'');
INSERT INTO items VALUES(694,18,'vertical','',0,3080,850,0,320,0,0,NULL,'',NULL,'');
INSERT INTO items VALUES(695,18,'select','tg_ctd->Out.Start',0,3270,720,110,20,60,0,NULL,'',NULL,'');
INSERT INTO items VALUES(696,18,'horizontal','',0,3270,760,770,0,0,0,NULL,'',NULL,'');
INSERT INTO items VALUES(697,18,'case','NONE',0,3270,800,110,20,60,0,NULL,'',NULL,'');
INSERT INTO items VALUES(698,18,'case','C',0,3760,800,70,20,60,0,NULL,'',NULL,'');
INSERT INTO items VALUES(699,18,'case','D',0,3920,800,50,20,60,0,NULL,'',NULL,'');
INSERT INTO items VALUES(700,18,'vertical','',0,3760,760,0,410,0,0,NULL,'',NULL,'');
INSERT INTO items VALUES(701,18,'vertical','',0,3920,760,0,410,0,0,NULL,'',NULL,'');
INSERT INTO items VALUES(702,18,'insertion','Check_Online_Performed();',0,3270,920,110,20,60,0,NULL,'',NULL,'');
INSERT INTO items VALUES(703,18,'if','tg_ctd->Result == R_OK',0,3270,990,110,20,80,1,NULL,'',NULL,'');
INSERT INTO items VALUES(704,18,'address','(I) Completion',0,3270,1100,110,30,60,0,NULL,'',NULL,'');
INSERT INTO items VALUES(705,18,'case','B',0,3600,800,50,20,60,0,NULL,'',NULL,'');
INSERT INTO items VALUES(706,18,'vertical','',0,3600,760,0,410,0,0,NULL,'',NULL,'');
INSERT INTO items VALUES(707,18,'address',replace('(B) Tech\nSelection','\n',char(10)),0,3600,1090,50,40,60,0,NULL,'',NULL,'');
INSERT INTO items VALUES(708,18,'address',replace('(C) App Profile\nselection','\n',char(10)),0,3760,1090,70,40,60,0,NULL,'',NULL,'');
INSERT INTO items VALUES(709,18,'address',replace('(D) Kernel\nActivation','\n',char(10)),0,3920,1090,50,40,60,0,NULL,'',NULL,'');
INSERT INTO items VALUES(710,18,'case','',0,4040,800,50,20,60,0,NULL,'',NULL,'');
INSERT INTO items VALUES(711,18,'vertical','',0,4040,760,0,410,0,0,NULL,'',NULL,'');
INSERT INTO items VALUES(712,18,'address','(H) FAIL',0,4040,1100,50,30,60,0,NULL,'',NULL,'');
INSERT INTO items VALUES(713,18,'vertical','',0,4310,390,0,780,0,0,NULL,'',NULL,'');
INSERT INTO items VALUES(714,18,'vertical','',0,4520,390,0,780,0,0,NULL,'',NULL,'');
INSERT INTO items VALUES(715,18,'address','(H) FAIL',0,4310,1100,80,30,60,0,NULL,'',NULL,'');
INSERT INTO items VALUES(716,18,'address','(I) Completion',0,4520,1100,110,30,60,0,NULL,'',NULL,'');
INSERT INTO items VALUES(717,18,'address','(H) FAIL',0,3080,1100,50,30,60,0,NULL,'',NULL,'');
INSERT INTO items VALUES(718,18,'shelf','T_ABORTED',0,4520,1010,110,40,40,0,NULL,'',NULL,'tg_ctd->TransactionResult');
INSERT INTO items VALUES(719,18,'insertion','Transaction_Completion();',0,4770,530,110,20,60,0,NULL,'',NULL,'');
INSERT INTO items VALUES(720,18,'commentout','120',0,4920,520,30,20,30,0,NULL,'',NULL,'');
INSERT INTO items VALUES(721,18,'commentin',replace('Non EMV is not\nsupported','\n',char(10)),0,4310,1000,80,30,60,0,NULL,'',NULL,'');
INSERT INTO items VALUES(722,18,'branch',replace('(F) Online Request\nProcessing','\n',char(10)),0,3270,450,110,40,60,0,NULL,'',NULL,'');
INSERT INTO items VALUES(723,18,'vertical','',0,3270,390,0,780,0,0,NULL,'',NULL,'');
INSERT INTO items VALUES(724,18,'address','(I) Completion',0,2670,1100,160,30,60,0,NULL,'',NULL,'');
INSERT INTO items VALUES(725,18,'address',replace('(F) Online Request\nProcessing','\n',char(10)),0,2930,1090,90,40,60,0,NULL,'',NULL,'');
INSERT INTO items VALUES(726,18,'if','tg_ctd->Result == R_OK',0,3270,600,110,20,780,1,NULL,'',NULL,'');
INSERT INTO items VALUES(727,18,'vertical','',0,3460,990,0,180,0,0,NULL,'',NULL,'');
INSERT INTO items VALUES(728,18,'vertical','',0,4160,600,0,570,0,0,NULL,'',NULL,'');
INSERT INTO items VALUES(729,18,'address','(H) FAIL',0,4160,1100,50,30,60,0,NULL,'',NULL,'');
INSERT INTO items VALUES(730,18,'address','(H) FAIL',0,3460,1100,50,30,60,0,NULL,'',NULL,'');
INSERT INTO items VALUES(731,19,'beginend','Online_Request',0,170,60,70,20,60,0,NULL,'',NULL,'');
INSERT INTO items VALUES(732,19,'beginend','End',0,660,510,50,20,60,0,NULL,'',NULL,'');
INSERT INTO items VALUES(733,19,'vertical','',0,170,80,0,520,0,0,NULL,'',NULL,'');
INSERT INTO items VALUES(734,19,'vertical','',0,420,120,0,480,0,0,NULL,'',NULL,'');
INSERT INTO items VALUES(735,19,'vertical','',0,660,120,0,380,0,0,NULL,'',NULL,'');
INSERT INTO items VALUES(736,19,'horizontal','',0,170,120,490,0,0,0,NULL,'',NULL,'');
INSERT INTO items VALUES(737,19,'arrow','',0,20,120,150,480,400,1,NULL,'',NULL,'');
INSERT INTO items VALUES(738,19,'branch','branch 1',0,170,170,50,30,60,0,NULL,'',NULL,'');
INSERT INTO items VALUES(739,19,'address','branch 2',0,170,550,50,30,60,0,NULL,'',NULL,'');
INSERT INTO items VALUES(740,19,'branch','branch 2',0,420,170,50,30,60,0,NULL,'',NULL,'');
INSERT INTO items VALUES(741,19,'branch','branch 3',0,660,170,50,30,60,0,NULL,'',NULL,'');
INSERT INTO items VALUES(742,19,'address','branch 3',0,420,550,50,30,60,0,NULL,'',NULL,'');
INSERT INTO items VALUES(743,20,'beginend','Transaction_Completion',0,170,60,100,20,60,0,NULL,'',NULL,'');
INSERT INTO items VALUES(744,20,'beginend','End',0,660,510,50,20,60,0,NULL,'',NULL,'');
INSERT INTO items VALUES(745,20,'vertical','',0,170,80,0,520,0,0,NULL,'',NULL,'');
INSERT INTO items VALUES(746,20,'vertical','',0,420,120,0,480,0,0,NULL,'',NULL,'');
INSERT INTO items VALUES(747,20,'vertical','',0,660,120,0,380,0,0,NULL,'',NULL,'');
INSERT INTO items VALUES(748,20,'horizontal','',0,170,120,490,0,0,0,NULL,'',NULL,'');
INSERT INTO items VALUES(749,20,'arrow','',0,20,120,150,480,400,1,NULL,'',NULL,'');
INSERT INTO items VALUES(750,20,'branch','branch 1',0,170,170,50,30,60,0,NULL,'',NULL,'');
INSERT INTO items VALUES(751,20,'address','branch 2',0,170,550,50,30,60,0,NULL,'',NULL,'');
INSERT INTO items VALUES(752,20,'branch','branch 2',0,420,170,50,30,60,0,NULL,'',NULL,'');
INSERT INTO items VALUES(753,20,'branch','branch 3',0,660,170,50,30,60,0,NULL,'',NULL,'');
INSERT INTO items VALUES(754,20,'address','branch 3',0,420,550,50,30,60,0,NULL,'',NULL,'');
INSERT INTO items VALUES(755,21,'beginend','Cvc_Check_Amount',0,160,70,80,20,60,0,NULL,'',NULL,'');
INSERT INTO items VALUES(756,21,'beginend','End',0,160,390,50,20,60,0,NULL,'',NULL,'');
INSERT INTO items VALUES(757,21,'vertical','',0,160,70,0,310,0,0,NULL,'',NULL,'');
INSERT INTO items VALUES(758,21,'if','tg_ctd->CvcDefaultAmount',0,160,140,120,20,130,0,NULL,'',NULL,'');
INSERT INTO items VALUES(759,21,'vertical','',0,410,140,0,150,0,0,NULL,'',NULL,'');
INSERT INTO items VALUES(760,21,'horizontal','',0,160,290,250,0,0,0,NULL,'',NULL,'');
INSERT INTO items VALUES(761,21,'shelf','*tg_ctd->CvcDefaultAmount',0,410,220,110,40,40,0,NULL,'',NULL,'tg_ctd->TransactionAmount');
INSERT INTO items VALUES(762,22,'beginend','Check_Online_Performed',0,170,60,100,20,60,0,NULL,'',NULL,'');
INSERT INTO items VALUES(763,22,'beginend','End',0,170,390,50,20,60,0,NULL,'',NULL,'');
INSERT INTO items VALUES(764,22,'vertical','',0,170,80,0,290,0,0,NULL,'',NULL,'');
INSERT INTO items VALUES(786,25,'beginend','Kernel_Activation',0,170,60,80,20,60,0,NULL,'',NULL,'');
INSERT INTO items VALUES(787,25,'beginend','End',0,660,510,50,20,60,0,NULL,'',NULL,'');
INSERT INTO items VALUES(788,25,'vertical','',0,170,80,0,520,0,0,NULL,'',NULL,'');
INSERT INTO items VALUES(789,25,'vertical','',0,420,120,0,480,0,0,NULL,'',NULL,'');
INSERT INTO items VALUES(790,25,'vertical','',0,660,120,0,380,0,0,NULL,'',NULL,'');
INSERT INTO items VALUES(791,25,'horizontal','',0,170,120,490,0,0,0,NULL,'',NULL,'');
INSERT INTO items VALUES(792,25,'arrow','',0,20,120,150,480,400,1,NULL,'',NULL,'');
INSERT INTO items VALUES(793,25,'branch','branch 1',0,170,170,50,30,60,0,NULL,'',NULL,'');
INSERT INTO items VALUES(794,25,'address','branch 2',0,170,550,50,30,60,0,NULL,'',NULL,'');
INSERT INTO items VALUES(795,25,'branch','branch 2',0,420,170,50,30,60,0,NULL,'',NULL,'');
INSERT INTO items VALUES(796,25,'branch','branch 3',0,660,170,50,30,60,0,NULL,'',NULL,'');
INSERT INTO items VALUES(797,25,'address','branch 3',0,420,550,50,30,60,0,NULL,'',NULL,'');
INSERT INTO items VALUES(798,26,'beginend','Profile_Selection',0,170,60,80,20,60,0,NULL,'',NULL,'');
INSERT INTO items VALUES(799,26,'beginend','End',0,660,510,50,20,60,0,NULL,'',NULL,'');
INSERT INTO items VALUES(800,26,'vertical','',0,170,80,0,520,0,0,NULL,'',NULL,'');
INSERT INTO items VALUES(801,26,'vertical','',0,420,120,0,480,0,0,NULL,'',NULL,'');
INSERT INTO items VALUES(802,26,'vertical','',0,660,120,0,380,0,0,NULL,'',NULL,'');
INSERT INTO items VALUES(803,26,'horizontal','',0,170,120,490,0,0,0,NULL,'',NULL,'');
INSERT INTO items VALUES(804,26,'arrow','',0,20,120,150,480,400,1,NULL,'',NULL,'');
INSERT INTO items VALUES(805,26,'branch','branch 1',0,170,170,50,30,60,0,NULL,'',NULL,'');
INSERT INTO items VALUES(806,26,'address','branch 2',0,170,550,50,30,60,0,NULL,'',NULL,'');
INSERT INTO items VALUES(807,26,'branch','branch 2',0,420,170,50,30,60,0,NULL,'',NULL,'');
INSERT INTO items VALUES(808,26,'branch','branch 3',0,660,170,50,30,60,0,NULL,'',NULL,'');
INSERT INTO items VALUES(809,26,'address','branch 3',0,420,550,50,30,60,0,NULL,'',NULL,'');
INSERT INTO items VALUES(810,27,'beginend','Kernel_Processing',0,170,60,80,20,60,0,NULL,'',NULL,'');
INSERT INTO items VALUES(811,27,'beginend','End',0,660,510,50,20,60,0,NULL,'',NULL,'');
INSERT INTO items VALUES(812,27,'vertical','',0,170,80,0,520,0,0,NULL,'',NULL,'');
INSERT INTO items VALUES(813,27,'vertical','',0,420,120,0,480,0,0,NULL,'',NULL,'');
INSERT INTO items VALUES(814,27,'vertical','',0,660,120,0,380,0,0,NULL,'',NULL,'');
INSERT INTO items VALUES(815,27,'horizontal','',0,170,120,490,0,0,0,NULL,'',NULL,'');
INSERT INTO items VALUES(816,27,'arrow','',0,20,120,150,480,400,1,NULL,'',NULL,'');
INSERT INTO items VALUES(817,27,'branch','branch 1',0,170,170,50,30,60,0,NULL,'',NULL,'');
INSERT INTO items VALUES(818,27,'address','branch 2',0,170,550,50,30,60,0,NULL,'',NULL,'');
INSERT INTO items VALUES(819,27,'branch','branch 2',0,420,170,50,30,60,0,NULL,'',NULL,'');
INSERT INTO items VALUES(820,27,'branch','branch 3',0,660,170,50,30,60,0,NULL,'',NULL,'');
INSERT INTO items VALUES(821,27,'address','branch 3',0,420,550,50,30,60,0,NULL,'',NULL,'');
INSERT INTO items VALUES(822,28,'beginend','Outcome_Processing',0,170,60,90,20,60,0,NULL,'',NULL,'');
INSERT INTO items VALUES(823,28,'beginend','End',0,660,510,50,20,60,0,NULL,'',NULL,'');
INSERT INTO items VALUES(824,28,'vertical','',0,170,80,0,520,0,0,NULL,'',NULL,'');
INSERT INTO items VALUES(825,28,'vertical','',0,420,120,0,480,0,0,NULL,'',NULL,'');
INSERT INTO items VALUES(826,28,'vertical','',0,660,120,0,380,0,0,NULL,'',NULL,'');
INSERT INTO items VALUES(827,28,'horizontal','',0,170,120,490,0,0,0,NULL,'',NULL,'');
INSERT INTO items VALUES(828,28,'arrow','',0,20,120,150,480,400,1,NULL,'',NULL,'');
INSERT INTO items VALUES(829,28,'branch','branch 1',0,170,170,50,30,60,0,NULL,'',NULL,'');
INSERT INTO items VALUES(830,28,'address','branch 2',0,170,550,50,30,60,0,NULL,'',NULL,'');
INSERT INTO items VALUES(831,28,'branch','branch 2',0,420,170,50,30,60,0,NULL,'',NULL,'');
INSERT INTO items VALUES(832,28,'branch','branch 3',0,660,170,50,30,60,0,NULL,'',NULL,'');
INSERT INTO items VALUES(833,28,'address','branch 3',0,420,550,50,30,60,0,NULL,'',NULL,'');
INSERT INTO items VALUES(834,29,'beginend','Pre_Processing',0,170,60,70,20,60,0,NULL,'',NULL,'');
INSERT INTO items VALUES(835,29,'beginend','End',0,170,590,50,20,60,0,NULL,'',NULL,'');
INSERT INTO items VALUES(836,29,'vertical','',0,170,80,0,520,0,0,NULL,'',NULL,'');
INSERT INTO items VALUES(837,29,'if','tg_ctd->ServiceStartEvents.referenceEntry',0,170,250,190,20,40,0,NULL,'',NULL,'');
INSERT INTO items VALUES(838,29,'vertical','',0,400,250,0,250,0,0,NULL,'',NULL,'');
INSERT INTO items VALUES(839,29,'if','tg_ctd->SelectedService == S_NO_SHOW',0,400,310,170,20,30,0,NULL,'',NULL,'');
INSERT INTO items VALUES(840,29,'vertical','',0,600,310,0,190,0,0,NULL,'',NULL,'');
INSERT INTO items VALUES(841,29,'shelf','R_REFERENCE_ENTRY',0,400,420,170,40,40,0,NULL,'',NULL,'tg_ctd->Result');
INSERT INTO items VALUES(842,29,'horizontal','',0,170,500,430,0,0,0,NULL,'',NULL,'');
INSERT INTO items VALUES(843,30,'beginend','Technology_Selection',0,170,60,90,20,60,0,NULL,'',NULL,'');
INSERT INTO items VALUES(844,30,'beginend','End',0,660,510,50,20,60,0,NULL,'',NULL,'');
INSERT INTO items VALUES(845,30,'vertical','',0,170,80,0,520,0,0,NULL,'',NULL,'');
INSERT INTO items VALUES(846,30,'vertical','',0,420,120,0,480,0,0,NULL,'',NULL,'');
INSERT INTO items VALUES(847,30,'vertical','',0,660,120,0,380,0,0,NULL,'',NULL,'');
INSERT INTO items VALUES(848,30,'horizontal','',0,170,120,490,0,0,0,NULL,'',NULL,'');
INSERT INTO items VALUES(849,30,'arrow','',0,20,120,150,480,400,1,NULL,'',NULL,'');
INSERT INTO items VALUES(850,30,'branch','branch 1',0,170,170,50,30,60,0,NULL,'',NULL,'');
INSERT INTO items VALUES(851,30,'address','branch 2',0,170,550,50,30,60,0,NULL,'',NULL,'');
INSERT INTO items VALUES(852,30,'branch','branch 2',0,420,170,50,30,60,0,NULL,'',NULL,'');
INSERT INTO items VALUES(853,30,'branch','branch 3',0,660,170,50,30,60,0,NULL,'',NULL,'');
INSERT INTO items VALUES(854,30,'address','branch 3',0,420,550,50,30,60,0,NULL,'',NULL,'');
INSERT INTO items VALUES(855,31,'beginend','Dcc_Processing',0,170,60,70,20,60,0,NULL,'',NULL,'');
INSERT INTO items VALUES(856,31,'beginend','End',0,170,730,50,20,60,0,NULL,'',NULL,'');
INSERT INTO items VALUES(857,31,'vertical','',0,170,80,0,650,0,0,NULL,'',NULL,'');
INSERT INTO items VALUES(858,31,'shelf','true',0,170,140,170,40,40,0,NULL,'',NULL,'tg_ctd->DccPerformedOnce');
INSERT INTO items VALUES(859,31,'insertion','Transaction_Dcc_Eligibility();',0,170,250,170,20,60,0,NULL,'',NULL,'');
INSERT INTO items VALUES(860,31,'if','tg_ctd->isDccEligible',0,170,320,170,20,50,1,NULL,'',NULL,'');
INSERT INTO items VALUES(861,31,'vertical','',0,390,320,0,360,0,0,NULL,'',NULL,'');
INSERT INTO items VALUES(862,31,'horizontal','',0,170,680,220,0,0,0,NULL,'',NULL,'');
INSERT INTO items VALUES(863,31,'output','HAP_Online_Request_to_Dcc_Provider();',0,170,410,170,40,40,0,NULL,'',NULL,'HAP');
INSERT INTO items VALUES(864,31,'if','tg_ctd->isDccEligible',0,170,500,170,20,50,1,NULL,'',NULL,'');
INSERT INTO items VALUES(865,31,'output','SCAP_Cardholder_Confirmation();',0,170,610,170,40,40,0,NULL,'',NULL,'SCAP');
INSERT INTO items VALUES(866,32,'beginend','Transaction_Dcc_Eligibility',0,170,60,120,20,60,0,NULL,'',NULL,'');
INSERT INTO items VALUES(867,32,'beginend','End',0,1600,340,50,20,60,0,NULL,'',NULL,'');
INSERT INTO items VALUES(868,32,'vertical','',0,170,80,0,710,0,0,NULL,'',NULL,'');
INSERT INTO items VALUES(869,32,'vertical','',0,960,120,0,670,0,0,NULL,'',NULL,'');
INSERT INTO items VALUES(870,32,'vertical','',0,1390,120,0,670,0,0,NULL,'',NULL,'');
INSERT INTO items VALUES(871,32,'horizontal','',0,170,120,1430,0,0,0,NULL,'',NULL,'');
INSERT INTO items VALUES(872,32,'arrow','',0,-50,120,220,670,1440,1,NULL,'',NULL,'');
INSERT INTO items VALUES(873,32,'branch','Start',0,170,170,170,30,60,0,NULL,'',NULL,'');
INSERT INTO items VALUES(874,32,'address','End',0,170,730,170,30,60,0,NULL,'',NULL,'');
INSERT INTO items VALUES(875,32,'branch',replace('Request BIN List\nfor DCC checcking','\n',char(10)),0,960,180,80,40,60,0,NULL,'',NULL,'');
INSERT INTO items VALUES(876,32,'branch','Eligible',0,1390,170,100,30,60,0,NULL,'',NULL,'');
INSERT INTO items VALUES(877,32,'address','Eligible',0,960,730,80,30,60,0,NULL,'',NULL,'');
INSERT INTO items VALUES(878,32,'if',replace('tg_ctd->ApplicationProfileSettings\n	.isDccAcceptorModeAllowed','\n',char(10)),0,170,250,170,30,420,1,NULL,'',NULL,'');
INSERT INTO items VALUES(879,32,'vertical','',0,760,250,0,540,0,0,NULL,'',NULL,'');
INSERT INTO items VALUES(880,32,'address','End',0,760,730,50,30,60,0,NULL,'',NULL,'');
INSERT INTO items VALUES(881,32,'if','tg_ctd->ApplicationCurrency',0,170,330,170,20,180,0,NULL,'',NULL,'');
INSERT INTO items VALUES(882,32,'vertical','',0,520,330,0,460,0,0,NULL,'',NULL,'');
INSERT INTO items VALUES(883,32,'if',replace('tg_ctd->ApplicationCurrency->Code\n	==\ntg_ctd->TransactionCurrency.Code','\n',char(10)),0,520,390,170,30,70,0,NULL,'',NULL,'');
INSERT INTO items VALUES(884,32,'address',replace('Request BIN List\nfor DCC checcking','\n',char(10)),0,520,720,170,40,60,0,NULL,'',NULL,'');
INSERT INTO items VALUES(885,32,'if','tg_ctd->IssuerCountry',0,170,470,170,20,180,1,NULL,'',NULL,'');
INSERT INTO items VALUES(886,32,'if','isIssuerCountryExcludedForDcc()',0,170,550,170,20,180,1,NULL,'',NULL,'');
INSERT INTO items VALUES(887,32,'branch','End',0,1600,170,50,30,60,0,NULL,'',NULL,'');
INSERT INTO items VALUES(888,32,'address','End',0,1390,730,100,30,60,0,NULL,'',NULL,'');
INSERT INTO items VALUES(889,32,'vertical','',0,1600,120,0,230,0,0,NULL,'',NULL,'');
INSERT INTO items VALUES(890,32,'shelf','true',0,1390,270,100,40,40,0,NULL,'',NULL,'tg_ctd->isDccEligible');
INSERT INTO items VALUES(891,32,'commentin',replace('Matching PAN in\nBIN List is not\nsupported','\n',char(10)),0,960,270,80,30,60,0,NULL,'',NULL,'');
INSERT INTO items VALUES(892,32,'select','tg_ctd->Result',0,960,540,80,20,60,0,NULL,'',NULL,'');
INSERT INTO items VALUES(893,32,'horizontal','',0,960,580,180,0,0,0,NULL,'',NULL,'');
INSERT INTO items VALUES(894,32,'case','R_NO_MATCH',0,960,620,80,20,60,0,NULL,'',NULL,'');
INSERT INTO items VALUES(895,32,'case','',0,1140,620,50,20,60,0,NULL,'',NULL,'');
INSERT INTO items VALUES(896,32,'vertical','',0,1140,580,0,210,0,0,NULL,'',NULL,'');
INSERT INTO items VALUES(897,32,'address','End',0,1140,730,50,30,60,0,NULL,'',NULL,'');
INSERT INTO items VALUES(898,18,'insertion','Dcc_Processing();',0,2220,570,110,20,60,0,NULL,NULL,NULL,NULL);
INSERT INTO items VALUES(899,18,'commentout','Non Standard',0,2430,560,60,20,60,0,NULL,NULL,NULL,NULL);
INSERT INTO items VALUES(900,33,'beginend','Update_Pre_Authorisation',0,240,60,110,20,60,0,NULL,'',NULL,'');
INSERT INTO items VALUES(901,33,'beginend','End',0,5580,380,50,20,60,0,NULL,'',NULL,'');
INSERT INTO items VALUES(902,33,'vertical','',0,240,70,0,830,0,0,NULL,'',NULL,'');
INSERT INTO items VALUES(903,33,'vertical','',0,870,130,0,770,0,0,NULL,'',NULL,'');
INSERT INTO items VALUES(904,33,'vertical','',0,5580,130,0,240,0,0,NULL,'',NULL,'');
INSERT INTO items VALUES(905,33,'horizontal','',0,240,130,5340,0,0,0,NULL,'',NULL,'');
INSERT INTO items VALUES(906,33,'arrow','',0,60,130,180,770,5280,1,NULL,'',NULL,'');
INSERT INTO items VALUES(907,33,'branch','(A) Pre-Processing',0,240,180,90,30,60,0,NULL,'',NULL,'');
INSERT INTO items VALUES(908,33,'address',replace('(B) Tech\nSelection','\n',char(10)),0,240,830,90,40,60,0,NULL,'',NULL,'');
INSERT INTO items VALUES(909,33,'branch',replace('(B) Tech\nSelection','\n',char(10)),0,870,190,110,40,60,0,NULL,'',NULL,'');
INSERT INTO items VALUES(910,33,'branch','(I) Completion',0,5580,180,110,30,60,0,NULL,'',NULL,'');
INSERT INTO items VALUES(911,33,'address',replace('(G) Non EMV\nchip based\nprocessing','\n',char(10)),0,870,830,110,40,60,0,NULL,'',NULL,'');
INSERT INTO items VALUES(912,33,'horizontal','',0,240,70,470,0,0,0,NULL,'',NULL,'');
INSERT INTO items VALUES(913,33,'action','public',0,730,60,50,20,0,0,NULL,'',NULL,'');
INSERT INTO items VALUES(914,33,'branch',replace('(C) App Profile\nselection','\n',char(10)),0,1480,190,110,40,60,0,NULL,'',NULL,'');
INSERT INTO items VALUES(915,33,'branch',replace('(D) Kernel\nActivation','\n',char(10)),0,2390,190,110,40,60,0,NULL,'',NULL,'');
INSERT INTO items VALUES(916,33,'branch',replace('(D1) Outcome\nProcessing','\n',char(10)),0,2830,190,160,40,60,0,NULL,'',NULL,'');
INSERT INTO items VALUES(917,33,'branch','(H) Abort',0,5340,180,110,30,60,0,NULL,'',NULL,'');
INSERT INTO items VALUES(918,33,'vertical','',0,1480,130,0,770,0,0,NULL,'',NULL,'');
INSERT INTO items VALUES(919,33,'address',replace('(D) Kernel\nActivation','\n',char(10)),0,1480,830,110,40,60,0,NULL,'',NULL,'');
INSERT INTO items VALUES(920,33,'address',replace('(B) Tech\nSelection','\n',char(10)),0,1800,830,60,40,60,0,NULL,'',NULL,'');
INSERT INTO items VALUES(921,33,'address',replace('(D1) Outcome\nProcessing','\n',char(10)),0,1970,830,80,40,60,0,NULL,'',NULL,'');
INSERT INTO items VALUES(922,33,'address','(I) Completion',0,2140,840,70,30,60,0,NULL,'',NULL,'');
INSERT INTO items VALUES(923,33,'insertion','Pre_Processing();',0,240,470,90,20,60,0,NULL,'',NULL,'');
INSERT INTO items VALUES(926,33,'address','(H) Abort',0,630,840,50,30,60,0,NULL,'',NULL,'');
INSERT INTO items VALUES(927,33,'insertion','Technology_Selection();',0,870,540,110,20,60,0,NULL,'',NULL,'');
INSERT INTO items VALUES(928,33,'insertion','Profile_Selection();',0,1480,390,110,20,60,0,NULL,'',NULL,'');
INSERT INTO items VALUES(929,33,'select','tg_ctd->Result',0,1480,480,110,20,60,0,NULL,'',NULL,'');
INSERT INTO items VALUES(930,33,'horizontal','',0,1480,520,660,0,0,0,NULL,'',NULL,'');
INSERT INTO items VALUES(931,33,'case','R_OK',0,1480,560,110,20,60,0,NULL,'',NULL,'');
INSERT INTO items VALUES(932,33,'case','R_TAP_AGAIN',0,1800,560,60,20,60,0,NULL,'',NULL,'');
INSERT INTO items VALUES(933,33,'case','R_END_APPLICATION',0,1970,560,80,20,60,0,NULL,'',NULL,'');
INSERT INTO items VALUES(934,33,'vertical','',0,1800,520,0,380,0,0,NULL,'',NULL,'');
INSERT INTO items VALUES(935,33,'vertical','',0,1970,520,0,380,0,0,NULL,'',NULL,'');
INSERT INTO items VALUES(936,33,'case','',0,2140,560,70,20,60,0,NULL,'',NULL,'');
INSERT INTO items VALUES(937,33,'address',replace('(C) App Profile\nselection','\n',char(10)),0,1230,830,70,40,60,0,NULL,'',NULL,'');
INSERT INTO items VALUES(938,33,'address','(H) Abort',0,1080,840,50,30,60,0,NULL,'',NULL,'');
INSERT INTO items VALUES(939,33,'vertical','',0,2140,520,0,380,0,0,NULL,'',NULL,'');
INSERT INTO items VALUES(940,33,'select','tg_ctd->Result',0,870,620,110,20,60,0,NULL,'',NULL,'');
INSERT INTO items VALUES(941,33,'horizontal','',0,870,670,360,0,0,0,NULL,'',NULL,'');
INSERT INTO items VALUES(942,33,'case','R_NON_EMV',0,870,710,110,20,60,0,NULL,'',NULL,'');
INSERT INTO items VALUES(943,33,'case','R_NOK',0,1080,710,50,20,60,0,NULL,'',NULL,'');
INSERT INTO items VALUES(944,33,'case','',0,1230,710,70,20,60,0,NULL,'',NULL,'');
INSERT INTO items VALUES(945,33,'vertical','',0,1080,670,0,230,0,0,NULL,'',NULL,'');
INSERT INTO items VALUES(946,33,'vertical','',0,1230,670,0,230,0,0,NULL,'',NULL,'');
INSERT INTO items VALUES(947,33,'branch',replace('(G) Non EMV\nchip based\nprocessing','\n',char(10)),0,5130,190,80,40,60,0,NULL,'',NULL,'');
INSERT INTO items VALUES(948,33,'insertion','Cvc_Check_Amount();',0,1480,630,110,20,60,0,NULL,'',NULL,'');
INSERT INTO items VALUES(949,33,'if','tg_ctd->Result == R_OK',0,1480,710,110,20,80,1,NULL,'',NULL,'');
INSERT INTO items VALUES(950,33,'vertical','',0,1670,710,0,190,0,0,NULL,'',NULL,'');
INSERT INTO items VALUES(951,33,'address','(H) Abort',0,1670,840,50,30,60,0,NULL,'',NULL,'');
INSERT INTO items VALUES(952,33,'vertical','',0,2390,130,0,770,0,0,NULL,'',NULL,'');
INSERT INTO items VALUES(953,33,'insertion','Kernel_Activation();',0,2390,440,110,20,60,0,NULL,'',NULL,'');
INSERT INTO items VALUES(954,33,'if','tg_ctd->Result == R_OK',0,2390,510,110,20,80,1,NULL,'',NULL,'');
INSERT INTO items VALUES(955,33,'vertical','',0,2580,510,0,390,0,0,NULL,'',NULL,'');
INSERT INTO items VALUES(956,33,'address','(H) Abort',0,2580,840,50,30,60,0,NULL,'',NULL,'');
INSERT INTO items VALUES(957,33,'address',replace('(D1) Outcome\nProcessing','\n',char(10)),0,2390,830,110,40,60,0,NULL,'',NULL,'');
INSERT INTO items VALUES(958,33,'insertion','Kernel_Processing();',0,2390,600,110,20,60,0,NULL,'',NULL,'');
INSERT INTO items VALUES(959,33,'if','tg_ctd->Result == R_OK',0,2390,670,110,20,80,1,NULL,'',NULL,'');
INSERT INTO items VALUES(960,33,'vertical','',0,2830,130,0,770,0,0,NULL,'',NULL,'');
INSERT INTO items VALUES(961,33,'insertion','Outcome_Processing();',0,2830,510,160,20,60,0,NULL,'',NULL,'');
INSERT INTO items VALUES(962,33,'if','tg_ctd->Outcome == O_ONLINE_REQUEST',0,2830,670,160,20,100,1,NULL,'',NULL,'');
INSERT INTO items VALUES(963,33,'vertical','',0,3090,670,0,230,0,0,NULL,'',NULL,'');
INSERT INTO items VALUES(964,33,'insertion','Online_Request();',0,4160,280,110,20,60,0,NULL,'',NULL,'');
INSERT INTO items VALUES(965,33,'if','tg_ctd->Result == R_OK',0,2830,590,160,20,250,1,NULL,'',NULL,'');
INSERT INTO items VALUES(966,33,'vertical','',0,3240,590,0,310,0,0,NULL,'',NULL,'');
INSERT INTO items VALUES(967,33,'select','tg_ctd->Out.Start',0,4160,460,110,20,60,0,NULL,'',NULL,'');
INSERT INTO items VALUES(968,33,'horizontal','',0,4160,500,700,0,0,0,NULL,'',NULL,'');
INSERT INTO items VALUES(969,33,'case','NONE',0,4160,540,110,20,60,0,NULL,'',NULL,'');
INSERT INTO items VALUES(970,33,'case','C',0,4600,540,70,20,60,0,NULL,'',NULL,'');
INSERT INTO items VALUES(971,33,'case','D',0,4740,540,50,20,60,0,NULL,'',NULL,'');
INSERT INTO items VALUES(972,33,'vertical','',0,4600,500,0,400,0,0,NULL,'',NULL,'');
INSERT INTO items VALUES(973,33,'vertical','',0,4740,500,0,400,0,0,NULL,'',NULL,'');
INSERT INTO items VALUES(974,33,'insertion','Check_Online_Performed();',0,4160,660,110,20,60,0,NULL,'',NULL,'');
INSERT INTO items VALUES(975,33,'if','tg_ctd->Result == R_OK',0,4160,730,110,20,70,1,NULL,'',NULL,'');
INSERT INTO items VALUES(976,33,'address','(I) Completion',0,4160,840,110,30,60,0,NULL,'',NULL,'');
INSERT INTO items VALUES(977,33,'case','B',0,4460,540,50,20,60,0,NULL,'',NULL,'');
INSERT INTO items VALUES(978,33,'vertical','',0,4460,500,0,400,0,0,NULL,'',NULL,'');
INSERT INTO items VALUES(979,33,'address',replace('(B) Tech\nSelection','\n',char(10)),0,4460,830,50,40,60,0,NULL,'',NULL,'');
INSERT INTO items VALUES(980,33,'address',replace('(C) App Profile\nselection','\n',char(10)),0,4600,830,70,40,60,0,NULL,'',NULL,'');
INSERT INTO items VALUES(981,33,'address',replace('(D) Kernel\nActivation','\n',char(10)),0,4740,830,50,40,60,0,NULL,'',NULL,'');
INSERT INTO items VALUES(982,33,'case','',0,4860,540,50,20,60,0,NULL,'',NULL,'');
INSERT INTO items VALUES(983,33,'vertical','',0,4860,500,0,400,0,0,NULL,'',NULL,'');
INSERT INTO items VALUES(984,33,'address','(H) Abort',0,4860,840,50,30,60,0,NULL,'',NULL,'');
INSERT INTO items VALUES(985,33,'vertical','',0,5130,130,0,770,0,0,NULL,'',NULL,'');
INSERT INTO items VALUES(986,33,'vertical','',0,5340,130,0,770,0,0,NULL,'',NULL,'');
INSERT INTO items VALUES(987,33,'address','(H) Abort',0,5130,840,80,30,60,0,NULL,'',NULL,'');
INSERT INTO items VALUES(988,33,'address','(I) Completion',0,5340,840,110,30,60,0,NULL,'',NULL,'');
INSERT INTO items VALUES(989,33,'address','(H) Abort',0,3240,840,50,30,60,0,NULL,'',NULL,'');
INSERT INTO items VALUES(990,33,'shelf','T_ABORTED',0,5340,750,110,40,40,0,NULL,'',NULL,'tg_ctd->TransactionResult');
INSERT INTO items VALUES(991,33,'insertion','Transaction_Completion();',0,5580,270,110,20,60,0,NULL,'',NULL,'');
INSERT INTO items VALUES(993,33,'commentin',replace('Non EMV is not\nsupported','\n',char(10)),0,5130,740,80,30,60,0,NULL,'',NULL,'');
INSERT INTO items VALUES(994,33,'branch',replace('(F) Online Request\nProcessing','\n',char(10)),0,4160,190,110,40,60,0,NULL,'',NULL,'');
INSERT INTO items VALUES(995,33,'vertical','',0,4160,130,0,770,0,0,NULL,'',NULL,'');
INSERT INTO items VALUES(996,33,'address','(I) Completion',0,2830,840,160,30,60,0,NULL,'',NULL,'');
INSERT INTO items VALUES(997,33,'address',replace('(F) Online Request\nProcessing','\n',char(10)),0,3090,830,90,40,60,0,NULL,'',NULL,'');
INSERT INTO items VALUES(998,33,'if','tg_ctd->Result == R_OK',0,4160,340,110,20,710,1,NULL,'',NULL,'');
INSERT INTO items VALUES(999,33,'vertical','',0,4340,730,0,170,0,0,NULL,'',NULL,'');
INSERT INTO items VALUES(1000,33,'vertical','',0,4980,340,0,560,0,0,NULL,'',NULL,'');
INSERT INTO items VALUES(1001,33,'address','(H) Abort',0,4980,840,50,30,60,0,NULL,'',NULL,'');
INSERT INTO items VALUES(1002,33,'address','(H) Abort',0,4340,840,50,30,60,0,NULL,'',NULL,'');
INSERT INTO items VALUES(1005,33,'select','tg_ctd->Result',0,240,570,90,20,60,0,NULL,NULL,NULL,NULL);
INSERT INTO items VALUES(1006,33,'horizontal','',0,240,610,390,0,0,0,NULL,NULL,NULL,NULL);
INSERT INTO items VALUES(1007,33,'case','R_OK',0,240,650,90,20,60,0,NULL,NULL,NULL,NULL);
INSERT INTO items VALUES(1008,33,'case','R_REFERENCE_ENTRY',0,450,650,90,20,60,0,NULL,NULL,NULL,NULL);
INSERT INTO items VALUES(1009,33,'case','',0,630,650,50,20,60,0,NULL,NULL,NULL,NULL);
INSERT INTO items VALUES(1010,33,'vertical','',0,450,610,0,290,0,0,NULL,NULL,NULL,NULL);
INSERT INTO items VALUES(1011,33,'vertical','',0,630,610,0,290,0,0,NULL,NULL,NULL,NULL);
INSERT INTO items VALUES(1012,33,'address',replace('(E) Update Pre-Auth\nSpecific Processing','\n',char(10)),0,450,830,90,40,60,0,NULL,NULL,NULL,NULL);
INSERT INTO items VALUES(1013,33,'select','tg_ctd->Result',0,3500,560,120,20,60,0,NULL,NULL,NULL,NULL);
INSERT INTO items VALUES(1014,33,'horizontal','',0,3500,600,410,0,0,0,NULL,NULL,NULL,NULL);
INSERT INTO items VALUES(1015,33,'case','R_DONE',0,3500,640,120,20,60,0,NULL,NULL,NULL,NULL);
INSERT INTO items VALUES(1016,33,'case','R_OK',0,3740,640,70,20,60,0,NULL,NULL,NULL,NULL);
INSERT INTO items VALUES(1017,33,'case','',0,3910,640,50,20,60,0,NULL,NULL,NULL,NULL);
INSERT INTO items VALUES(1018,33,'vertical','',0,3740,600,0,300,0,0,NULL,NULL,NULL,NULL);
INSERT INTO items VALUES(1019,33,'vertical','',0,3910,600,0,300,0,0,NULL,NULL,NULL,NULL);
INSERT INTO items VALUES(1020,33,'vertical','',0,3500,130,0,770,0,0,NULL,NULL,NULL,NULL);
INSERT INTO items VALUES(1021,33,'branch',replace('(E) Update Pre-Auth\nSpecific Processing','\n',char(10)),0,3500,190,120,40,60,0,NULL,NULL,NULL,NULL);
INSERT INTO items VALUES(1022,33,'insertion','Upa_Specific_Processing();',0,3500,480,120,20,60,0,NULL,NULL,NULL,NULL);
INSERT INTO items VALUES(1023,33,'address',replace('(F) Online Request\nProcessing','\n',char(10)),0,3500,840,120,40,60,0,NULL,NULL,NULL,NULL);
INSERT INTO items VALUES(1024,33,'address','(I) Completion',0,3740,840,70,30,60,0,NULL,NULL,NULL,NULL);
INSERT INTO items VALUES(1025,33,'address','(H) Abort',0,3910,840,50,30,60,0,NULL,NULL,NULL,NULL);
INSERT INTO items VALUES(1026,34,'beginend','Upa_Specific_Processing',0,180,60,110,20,60,0,NULL,NULL,NULL,NULL);
INSERT INTO items VALUES(1027,34,'beginend','End',0,4570,500,50,20,60,0,NULL,NULL,NULL,NULL);
INSERT INTO items VALUES(1028,34,'vertical','',0,180,80,0,920,0,0,NULL,NULL,NULL,NULL);
INSERT INTO items VALUES(1029,34,'vertical','',0,4270,120,0,880,0,0,NULL,NULL,NULL,NULL);
INSERT INTO items VALUES(1030,34,'vertical','',0,4570,120,0,380,0,0,NULL,NULL,NULL,NULL);
INSERT INTO items VALUES(1031,34,'horizontal','',0,180,120,4390,0,0,0,NULL,NULL,NULL,NULL);
INSERT INTO items VALUES(1032,34,'arrow','',0,20,120,160,880,4410,1,NULL,NULL,NULL,NULL);
INSERT INTO items VALUES(1033,34,'branch','Start',0,180,170,140,30,60,0,NULL,NULL,NULL,NULL);
INSERT INTO items VALUES(1034,34,'address','Transaction Selection',0,180,950,140,30,60,0,NULL,NULL,NULL,NULL);
INSERT INTO items VALUES(1035,34,'branch','Nok',0,4270,170,70,30,60,0,NULL,NULL,NULL,NULL);
INSERT INTO items VALUES(1036,34,'branch','End',0,4570,170,50,30,60,0,NULL,NULL,NULL,NULL);
INSERT INTO items VALUES(1037,34,'address','End',0,4270,950,70,30,60,0,NULL,NULL,NULL,NULL);
INSERT INTO items VALUES(1038,34,'if',replace('tg_ctd->TerminalSettings\n	.retrievePreauth','\n',char(10)),0,180,250,140,30,530,1,NULL,NULL,NULL,NULL);
INSERT INTO items VALUES(1039,34,'vertical','',0,850,250,0,750,0,0,NULL,NULL,NULL,NULL);
INSERT INTO items VALUES(1040,34,'address','Amount Confirmation',0,850,950,90,30,60,0,NULL,NULL,NULL,NULL);
INSERT INTO items VALUES(1041,34,'if',replace('tg_ctd->ServiceStartEvents\n	.referenceEntry','\n',char(10)),0,180,340,140,30,280,0,NULL,NULL,NULL,NULL);
INSERT INTO items VALUES(1042,34,'vertical','',0,600,340,0,660,0,0,NULL,NULL,NULL,NULL);
INSERT INTO items VALUES(1044,34,'if','tg_ctd->PAN',0,180,440,140,20,70,1,NULL,NULL,NULL,NULL);
INSERT INTO items VALUES(1045,34,'vertical','',0,390,440,0,560,0,0,NULL,NULL,NULL,NULL);
INSERT INTO items VALUES(1046,34,'address','Nok',0,390,950,50,30,60,0,NULL,NULL,NULL,NULL);
INSERT INTO items VALUES(1047,34,'address','Transaction Selection',0,600,950,140,30,60,0,NULL,NULL,NULL,NULL);
INSERT INTO items VALUES(1048,34,'output','SCAP_Search_Transaction_Result_List();',0,1140,530,180,40,40,0,NULL,NULL,NULL,'SCAP');
INSERT INTO items VALUES(1049,34,'vertical','',0,1140,120,0,880,0,0,NULL,NULL,NULL,NULL);
INSERT INTO items VALUES(1050,34,'branch','Transaction Selection',0,1140,170,180,30,60,0,NULL,NULL,NULL,NULL);
INSERT INTO items VALUES(1052,34,'vertical','',0,2460,120,0,880,0,0,NULL,NULL,NULL,NULL);
INSERT INTO items VALUES(1053,34,'branch','Amount Confirmation',0,2460,170,160,30,60,0,NULL,NULL,NULL,NULL);
INSERT INTO items VALUES(1054,34,'address','Setup Pre Auth',0,2460,950,160,30,60,0,NULL,NULL,NULL,NULL);
INSERT INTO items VALUES(1055,34,'output','SearchReservationsByRefData();',0,600,530,140,40,40,0,NULL,NULL,NULL,'HAP');
INSERT INTO items VALUES(1056,34,'output','SearchReservationsByPan();',0,180,530,140,40,40,0,NULL,NULL,NULL,'HAP');
INSERT INTO items VALUES(1057,34,'select','tg_ctd->Result',0,1140,260,180,20,60,0,NULL,NULL,NULL,NULL);
INSERT INTO items VALUES(1058,34,'horizontal','',0,1140,300,1050,0,0,0,NULL,NULL,NULL,NULL);
INSERT INTO items VALUES(1059,34,'case','R_OK',0,1140,340,180,20,60,0,NULL,NULL,NULL,NULL);
INSERT INTO items VALUES(1060,34,'case','R_NOT_FOUND',0,1940,340,140,20,60,0,NULL,NULL,NULL,NULL);
INSERT INTO items VALUES(1061,34,'case','',0,2190,340,90,20,60,0,NULL,NULL,NULL,NULL);
INSERT INTO items VALUES(1062,34,'vertical','',0,1940,300,0,520,0,0,NULL,NULL,NULL,NULL);
INSERT INTO items VALUES(1063,34,'vertical','',0,2190,300,0,520,0,0,NULL,NULL,NULL,NULL);
INSERT INTO items VALUES(1064,34,'address','Amount Confirmation',0,1140,950,180,30,60,0,NULL,NULL,NULL,NULL);
INSERT INTO items VALUES(1065,34,'shelf','N_ORIGINAL_TRX_NOT_FOUND',0,1940,740,140,40,40,0,NULL,NULL,NULL,'tg_ctd->NokReason');
INSERT INTO items VALUES(1066,34,'output','SCAP_NoOriginalTransaction();',0,1940,530,140,40,40,0,NULL,NULL,NULL,'SCAP');
INSERT INTO items VALUES(1067,34,'shelf','N_TECHNNICAL_ERROR',0,2190,740,90,40,40,0,NULL,'',NULL,'tg_ctd->NokReason');
INSERT INTO items VALUES(1069,34,'address','Nok',0,1700,950,80,30,60,0,NULL,NULL,NULL,NULL);
INSERT INTO items VALUES(1070,34,'action','CopyDataFromSearchResultToCtd();',0,1140,610,180,20,0,0,NULL,NULL,NULL,NULL);
INSERT INTO items VALUES(1071,34,'if','tg_ctd->Result == R_OK',0,1140,660,180,20,380,1,NULL,NULL,NULL,NULL);
INSERT INTO items VALUES(1072,34,'vertical','',0,1700,660,0,340,0,0,NULL,NULL,NULL,NULL);
INSERT INTO items VALUES(1074,34,'shelf','N_MISSING_DATA',0,1700,740,80,40,40,0,NULL,NULL,NULL,'tg_ctd->NokReason');
INSERT INTO items VALUES(1079,34,'if',replace('tg_ctd->ServiceStartEvents\n	.referenceEntry','\n',char(10)),0,1140,730,180,30,150,0,NULL,NULL,NULL,NULL);
INSERT INTO items VALUES(1080,34,'vertical','',0,1470,730,0,170,0,0,NULL,NULL,NULL,NULL);
INSERT INTO items VALUES(1081,34,'insertion','Process_Profile_Parameters();',0,1470,790,130,20,60,0,NULL,NULL,NULL,NULL);
INSERT INTO items VALUES(1082,34,'if','tg_ctd->Result == R_OK',0,1470,850,130,20,100,1,NULL,NULL,NULL,NULL);
INSERT INTO items VALUES(1083,34,'horizontal','',0,1140,900,330,0,0,0,NULL,NULL,NULL,NULL);
INSERT INTO items VALUES(1084,34,'horizontal','',0,1700,820,490,0,0,0,NULL,NULL,NULL,NULL);
INSERT INTO items VALUES(1085,34,'shelf','R_NOK',0,4270,310,70,40,40,0,NULL,NULL,NULL,'tg_ctd->Result');
INSERT INTO items VALUES(1086,34,'vertical','',0,4430,120,0,880,0,0,NULL,NULL,NULL,NULL);
INSERT INTO items VALUES(1087,34,'shelf','R_OK',0,4430,310,70,40,40,0,NULL,NULL,NULL,'tg_ctd->Result');
INSERT INTO items VALUES(1088,34,'branch','Ok',0,4430,170,70,30,60,0,NULL,NULL,NULL,NULL);
INSERT INTO items VALUES(1089,34,'address','End',0,4430,950,70,30,60,0,NULL,NULL,NULL,NULL);
INSERT INTO items VALUES(1090,34,'if','tg_ctd->TransactionAmountEntered',0,2460,330,160,20,280,1,NULL,NULL,NULL,NULL);
INSERT INTO items VALUES(1091,34,'vertical','',0,2900,330,0,670,0,0,NULL,NULL,NULL,NULL);
INSERT INTO items VALUES(1093,34,'shelf','(struct Amount){ .bcd = { 0 } }',0,2900,410,140,40,40,0,NULL,NULL,NULL,'tg_ctd->TransactionAmount');
INSERT INTO items VALUES(1094,34,'output','UpdatePreAuthAmountEntry();',0,2900,540,140,40,40,0,NULL,NULL,NULL,'SCAP');
INSERT INTO items VALUES(1095,34,'output','UpdatePreAuthAmountConfirmation();',0,2460,540,160,40,40,0,NULL,NULL,NULL,'SCAP');
INSERT INTO items VALUES(1096,34,'if','tg_ctd->Result == R_DONE',0,2900,620,140,20,70,1,NULL,NULL,NULL,NULL);
INSERT INTO items VALUES(1097,34,'vertical','',0,3110,620,0,380,0,0,NULL,NULL,NULL,NULL);
INSERT INTO items VALUES(1098,34,'shelf','true',0,2900,730,140,40,40,0,NULL,NULL,NULL,'tg_ctd->TransactionAmountEntered');
INSERT INTO items VALUES(1099,34,'if','tg_ctd->Result == R_DONE',0,2460,620,160,20,70,1,NULL,NULL,NULL,NULL);
INSERT INTO items VALUES(1100,34,'vertical','',0,2690,620,0,380,0,0,NULL,NULL,NULL,NULL);
INSERT INTO items VALUES(1101,34,'branch','Setup Pre Auth',0,3320,170,140,30,60,0,NULL,NULL,NULL,NULL);
INSERT INTO items VALUES(1102,34,'vertical','',0,3320,120,0,880,0,0,NULL,NULL,NULL,NULL);
INSERT INTO items VALUES(1103,34,'address','Setup Pre Auth',0,2900,950,140,30,60,0,NULL,NULL,NULL,NULL);
INSERT INTO items VALUES(1104,34,'address','Nok',0,3110,950,50,30,60,0,NULL,NULL,NULL,NULL);
INSERT INTO items VALUES(1105,34,'address','Nok',0,2690,950,50,30,60,0,NULL,NULL,NULL,NULL);
INSERT INTO items VALUES(1106,34,'address','End',0,3320,950,140,30,60,0,NULL,NULL,NULL,NULL);
INSERT INTO items VALUES(1107,34,'action','SetUpdatePreAuthTotalAmount();',0,3320,320,140,20,0,0,NULL,NULL,NULL,NULL);
INSERT INTO items VALUES(1108,34,'if',replace('tg_ctd->ServiceStartEvents\n	.referenceEntry','\n',char(10)),0,3320,400,140,30,150,0,NULL,'',NULL,'');
INSERT INTO items VALUES(1109,34,'vertical','',0,3610,400,0,600,0,0,NULL,'',NULL,'');
INSERT INTO items VALUES(1110,34,'shelf','R_ONLINE',0,3320,820,140,40,40,0,NULL,NULL,NULL,'tg_ctd->Result');
INSERT INTO items VALUES(1111,34,'output','OnlineApprovalRequest();',0,3610,460,120,40,40,0,NULL,NULL,NULL,'HAP');
INSERT INTO items VALUES(1112,34,'select','tg_ctd->Result',0,3610,540,120,20,60,0,NULL,NULL,NULL,NULL);
INSERT INTO items VALUES(1113,34,'horizontal','',0,3610,580,510,0,0,0,NULL,NULL,NULL,NULL);
INSERT INTO items VALUES(1114,34,'case','R_DONE',0,3610,620,120,20,60,0,NULL,NULL,NULL,NULL);
INSERT INTO items VALUES(1115,34,'case','R_UNABLE_TO_GO_ONLINE',0,3900,620,150,20,60,0,NULL,NULL,NULL,NULL);
INSERT INTO items VALUES(1116,34,'case','',0,4120,620,50,20,60,0,NULL,NULL,NULL,NULL);
INSERT INTO items VALUES(1117,34,'vertical','',0,3900,580,0,320,0,0,NULL,NULL,NULL,NULL);
INSERT INTO items VALUES(1118,34,'vertical','',0,4120,580,0,420,0,0,NULL,NULL,NULL,NULL);
INSERT INTO items VALUES(1119,34,'address','Nok',0,4120,950,50,30,60,0,NULL,NULL,NULL,NULL);
INSERT INTO items VALUES(1120,34,'address','Ok',0,3610,950,120,30,60,0,NULL,NULL,NULL,NULL);
INSERT INTO items VALUES(1121,34,'horizontal','',0,3610,900,290,0,0,0,NULL,NULL,NULL,NULL);
INSERT INTO items VALUES(1122,34,'shelf','T_DECLINED',0,3900,700,150,40,40,0,NULL,NULL,NULL,'tg_ctd->TransactionResult');
INSERT INTO items VALUES(1123,34,'shelf',replace('(struct AuthorisationResponseCode)\n{ .v = { ''Z'', ''1'' } }','\n',char(10)),0,3900,820,150,60,60,0,NULL,NULL,NULL,replace('tg_ctd->\nAuthorisationResponseCode','\n',char(10)));
INSERT INTO items VALUES(1124,35,'beginend','Process_Profile_Parameters',0,170,60,100,20,60,0,NULL,'',NULL,'');
INSERT INTO items VALUES(1125,35,'beginend','End',0,660,510,60,20,60,0,NULL,'',NULL,'');
INSERT INTO items VALUES(1126,35,'vertical','',0,170,80,0,520,0,0,NULL,'',NULL,'');
INSERT INTO items VALUES(1127,35,'vertical','',0,420,120,0,480,0,0,NULL,'',NULL,'');
INSERT INTO items VALUES(1128,35,'vertical','',0,660,120,0,380,0,0,NULL,'',NULL,'');
INSERT INTO items VALUES(1129,35,'horizontal','',0,170,120,490,0,0,0,NULL,'',NULL,'');
INSERT INTO items VALUES(1130,35,'arrow','',0,20,120,150,480,400,1,NULL,'',NULL,'');
INSERT INTO items VALUES(1131,35,'branch','branch 1',0,170,170,50,30,60,0,NULL,'',NULL,'');
INSERT INTO items VALUES(1132,35,'address','branch 2',0,170,550,50,30,60,0,NULL,'',NULL,'');
INSERT INTO items VALUES(1133,35,'branch','branch 2',0,420,170,50,30,60,0,NULL,'',NULL,'');
INSERT INTO items VALUES(1134,35,'branch','branch 3',0,660,170,50,30,60,0,NULL,'',NULL,'');
INSERT INTO items VALUES(1135,35,'address','branch 3',0,420,550,50,30,60,0,NULL,'',NULL,'');
CREATE TABLE diagram_info
(
	diagram_id integer,
	name text,
	value text,
	primary key (diagram_id, name)
);
CREATE TABLE tree_nodes
(
	node_id integer primary key,
	parent integer,
	type text,
	name text,
	diagram_id integer
);
INSERT INTO tree_nodes VALUES(19,0,'folder','06 Card Service Processing',NULL);
INSERT INTO tree_nodes VALUES(22,19,'folder','6.2 Service_Control',NULL);
INSERT INTO tree_nodes VALUES(23,22,'item','',18);
INSERT INTO tree_nodes VALUES(24,0,'folder','05 Terminal and Card Initiation',NULL);
INSERT INTO tree_nodes VALUES(25,19,'folder','6.3 Online Request Outcome Processing',NULL);
INSERT INTO tree_nodes VALUES(26,25,'item','',19);
INSERT INTO tree_nodes VALUES(27,19,'folder','6.4 Transaction Completion',NULL);
INSERT INTO tree_nodes VALUES(28,27,'item','',20);
INSERT INTO tree_nodes VALUES(29,19,'folder','6.5 Data Exchange Processing',NULL);
INSERT INTO tree_nodes VALUES(30,19,'folder','6.6 Service Supporting Functions',NULL);
INSERT INTO tree_nodes VALUES(31,30,'item','',21);
INSERT INTO tree_nodes VALUES(32,30,'item','',22);
INSERT INTO tree_nodes VALUES(33,19,'folder','6.7 UI Request Processing',NULL);
INSERT INTO tree_nodes VALUES(34,0,'folder','07 Card Interaction Layer',NULL);
INSERT INTO tree_nodes VALUES(39,34,'item','',25);
INSERT INTO tree_nodes VALUES(40,34,'item','',26);
INSERT INTO tree_nodes VALUES(41,34,'item','',27);
INSERT INTO tree_nodes VALUES(42,34,'item','',28);
INSERT INTO tree_nodes VALUES(43,34,'item','',29);
INSERT INTO tree_nodes VALUES(44,34,'item','',30);
INSERT INTO tree_nodes VALUES(45,0,'folder','08 Kernel E Processing',NULL);
INSERT INTO tree_nodes VALUES(46,0,'folder','09 Kernel M Processing',NULL);
INSERT INTO tree_nodes VALUES(47,0,'folder','11 Supporting Functions',NULL);
INSERT INTO tree_nodes VALUES(48,30,'item','',31);
INSERT INTO tree_nodes VALUES(49,30,'item','',32);
INSERT INTO tree_nodes VALUES(50,22,'item','',33);
INSERT INTO tree_nodes VALUES(51,22,'item',NULL,34);
INSERT INTO tree_nodes VALUES(52,34,'item','',35);
CREATE INDEX items_per_diagram on items (diagram_id);
CREATE UNIQUE INDEX node_for_diagram on tree_nodes (diagram_id);
COMMIT;
