PRAGMA foreign_keys=OFF;
BEGIN TRANSACTION;
CREATE TABLE info
		(
			key text primary key,
			value text
		);
INSERT INTO info VALUES('type','drakon');
INSERT INTO info VALUES('version','31');
INSERT INTO info VALUES('start_version','1');
INSERT INTO info VALUES('language','C');
CREATE TABLE diagrams
(
	diagram_id integer primary key,
	name text unique,
	origin text,
	description text,
	zoom double
);
INSERT INTO diagrams VALUES(18,'Card_Validity_Check','-102 26','CVC',75.0);
INSERT INTO diagrams VALUES(19,'Online_Request','10 30','',75.0);
INSERT INTO diagrams VALUES(20,'Transaction_Completion','-29 -237','',75.0);
INSERT INTO diagrams VALUES(21,'Cvc_Check_Amount','-172 -281','',75.0);
INSERT INTO diagrams VALUES(22,'Check_Online_Performed','60 30','',75.0);
INSERT INTO diagrams VALUES(25,'Kernel_Activation','-244 -113','',75.0);
INSERT INTO diagrams VALUES(26,'Profile_Selection','9 -273','',75.0);
INSERT INTO diagrams VALUES(27,'Kernel_Processing','10 30','',75.0);
INSERT INTO diagrams VALUES(28,'Outcome_Processing','9 -237','',75.0);
INSERT INTO diagrams VALUES(30,'Technology_Selection','8 -294','',75.0);
INSERT INTO diagrams VALUES(31,'Dcc_Processing','-180 -149','',75.0);
INSERT INTO diagrams VALUES(32,'Transaction_Dcc_Eligibility','-346 -4','',75.0);
INSERT INTO diagrams VALUES(33,'Update_Pre_Authorisation','-345 6','',100.0);
INSERT INTO diagrams VALUES(34,'Upa_Specific_Processing','3578 144',NULL,75.0);
INSERT INTO diagrams VALUES(35,'Process_Profile_Parameters','0 0','',75.0);
INSERT INTO diagrams VALUES(36,'Main','2337 -110','',70.0);
INSERT INTO diagrams VALUES(38,'Perform_Service','-486 -160',NULL,75.0);
INSERT INTO diagrams VALUES(39,'Default_Service_Initialisation','105 -110',NULL,75.0);
INSERT INTO diagrams VALUES(40,'Check_Service_Start_Conditions','-198 -63',NULL,75.0);
INSERT INTO diagrams VALUES(41,'Process_Event','3472 -310',NULL,75.0);
INSERT INTO diagrams VALUES(42,'Process_Language_Selection','0 0','',75.0);
INSERT INTO diagrams VALUES(43,'Process_Service_Selection','-340 -202','',90.0);
INSERT INTO diagrams VALUES(44,'Process_Choice_of_Application','-218 -311','',75.0);
INSERT INTO diagrams VALUES(45,'Process_Acquirer_Preselection','0 0','',75.0);
INSERT INTO diagrams VALUES(46,'Process_Amount_Entry','0 0','',75.0);
INSERT INTO diagrams VALUES(47,'Process_Card_Inserted','0 0','',75.0);
INSERT INTO diagrams VALUES(48,'Process_Card_Swiped','0 0','',75.0);
INSERT INTO diagrams VALUES(49,'Process_Manual_Entry','0 0','',75.0);
INSERT INTO diagrams VALUES(51,'Process_Accept','0 0','',75.0);
INSERT INTO diagrams VALUES(52,'Process_AdditionalTrxData','0 0','',75.0);
INSERT INTO diagrams VALUES(53,'Financial_Application_Startup','-296 -217',NULL,75.0);
INSERT INTO diagrams VALUES(54,'Initialise_Transaction_Database','0 0','',75.0);
INSERT INTO diagrams VALUES(55,'Service_Initialisation','-836 -114',NULL,75.0);
INSERT INTO diagrams VALUES(56,'Initialise_Basic_Data','0 -328',NULL,75.0);
INSERT INTO diagrams VALUES(57,'Process_Reference_Entry','-845 -2',NULL,75.0);
INSERT INTO diagrams VALUES(58,'Pre_Processing','3192 327',NULL,75.0);
INSERT INTO diagrams VALUES(59,'Pre_Processing_Ctls','0 0',NULL,75.0);
CREATE TABLE state
(
	row integer primary key,
	current_dia integer,
	description text
);
INSERT INTO state VALUES(1,59,replace('=== h_header ===\n#include "Common.h"\n\n=== c_header ===\n#include <stdbool.h>\n#include "Interface.h"\n\nstruct CurrentTransactionData g_Ctd;\nstruct NexoConfiguration g_Nexo;','\n',char(10)));
CREATE TABLE items
(
	item_id integer primary key,
	diagram_id integer,
	type text,
	text text,
	selected integer,
	x integer,
	y integer,
	w integer,
	h integer,
	a integer,
	b integer,
	aux_value integer,
	color text,
	format text,
	text2 text
);
INSERT INTO items VALUES(628,18,'beginend','Card_Validity_Check',0,270,320,90,20,60,0,NULL,'',NULL,'');
INSERT INTO items VALUES(629,18,'beginend','End',0,4770,650,50,20,60,0,NULL,'',NULL,'');
INSERT INTO items VALUES(630,18,'vertical','',0,270,320,0,850,0,0,NULL,'',NULL,'');
INSERT INTO items VALUES(631,18,'vertical','',0,700,390,0,780,0,0,NULL,'',NULL,'');
INSERT INTO items VALUES(632,18,'vertical','',0,4770,390,0,260,0,0,NULL,'',NULL,'');
INSERT INTO items VALUES(633,18,'horizontal','',0,270,390,4500,0,0,0,NULL,'',NULL,'');
INSERT INTO items VALUES(634,18,'arrow','',0,110,390,160,780,4410,1,NULL,'',NULL,'');
INSERT INTO items VALUES(635,18,'branch','(A) Pre-Processing',0,270,440,120,30,60,0,NULL,'',NULL,'');
INSERT INTO items VALUES(636,18,'address',replace('(B) Tech\nSelection','\n',char(10)),0,270,1090,120,40,60,0,NULL,'',NULL,'');
INSERT INTO items VALUES(637,18,'branch',replace('(B) Tech\nSelection','\n',char(10)),0,700,450,110,40,60,0,NULL,'',NULL,'');
INSERT INTO items VALUES(638,18,'branch','(I) Completion',0,4770,440,110,30,60,0,NULL,'',NULL,'');
INSERT INTO items VALUES(639,18,'address',replace('(G) Non EMV\nchip based\nprocessing','\n',char(10)),0,700,1090,110,40,60,0,NULL,'',NULL,'');
INSERT INTO items VALUES(642,18,'branch',replace('(C) App Profile\nselection','\n',char(10)),0,1310,450,90,40,60,0,NULL,'',NULL,'');
INSERT INTO items VALUES(643,18,'branch',replace('(D) Kernel\nActivation','\n',char(10)),0,2220,450,90,40,60,0,NULL,'',NULL,'');
INSERT INTO items VALUES(644,18,'branch',replace('(E) Outcome\nProcessing','\n',char(10)),0,2670,450,160,40,60,0,NULL,'',NULL,'');
INSERT INTO items VALUES(645,18,'branch','(H) FAIL',0,4520,440,110,30,60,0,NULL,'',NULL,'');
INSERT INTO items VALUES(646,18,'vertical','',0,1310,390,0,780,0,0,NULL,'',NULL,'');
INSERT INTO items VALUES(647,18,'address',replace('(D) Kernel\nActivation','\n',char(10)),0,1310,1090,90,40,60,0,NULL,'',NULL,'');
INSERT INTO items VALUES(648,18,'address',replace('(B) Tech\nSelection','\n',char(10)),0,1630,1090,60,40,60,0,NULL,'',NULL,'');
INSERT INTO items VALUES(649,18,'address',replace('(E) Outcome\nProcessing','\n',char(10)),0,1800,1090,80,40,60,0,NULL,'',NULL,'');
INSERT INTO items VALUES(650,18,'address','(I) Completion',0,1970,1100,70,30,60,0,NULL,'',NULL,'');
INSERT INTO items VALUES(651,18,'insertion',replace('result =\nPre_Processing();','\n',char(10)),0,270,900,120,30,60,0,NULL,'',NULL,'');
INSERT INTO items VALUES(652,18,'if','PR_OK == result',0,270,980,120,20,70,1,NULL,'',NULL,'');
INSERT INTO items VALUES(653,18,'vertical','',0,460,980,0,190,0,0,NULL,'',NULL,'');
INSERT INTO items VALUES(654,18,'address','(H) FAIL',0,460,1100,50,30,60,0,NULL,'',NULL,'');
INSERT INTO items VALUES(655,18,'insertion',replace('result = \nTechnology_Selection();','\n',char(10)),0,700,800,110,30,60,0,NULL,'',NULL,'');
INSERT INTO items VALUES(656,18,'insertion',replace('result =\nProfile_Selection();','\n',char(10)),0,1310,650,90,30,60,0,NULL,'',NULL,'');
INSERT INTO items VALUES(657,18,'select','result',0,1310,740,90,20,60,0,NULL,'',NULL,'');
INSERT INTO items VALUES(658,18,'horizontal','',0,1310,780,660,0,0,0,NULL,'',NULL,'');
INSERT INTO items VALUES(659,18,'case','PR_OK',0,1310,820,90,20,60,0,NULL,'',NULL,'');
INSERT INTO items VALUES(660,18,'case','PR_TAP_AGAIN',0,1630,820,60,20,60,0,NULL,'',NULL,'');
INSERT INTO items VALUES(661,18,'case','PR_END_APPLICATION',0,1800,820,80,20,60,0,NULL,'',NULL,'');
INSERT INTO items VALUES(662,18,'vertical','',0,1630,780,0,390,0,0,NULL,'',NULL,'');
INSERT INTO items VALUES(663,18,'vertical','',0,1800,780,0,390,0,0,NULL,'',NULL,'');
INSERT INTO items VALUES(664,18,'case','',0,1970,820,70,20,60,0,NULL,'',NULL,'');
INSERT INTO items VALUES(665,18,'address',replace('(C) App Profile\nselection','\n',char(10)),0,1060,1090,70,40,60,0,NULL,'',NULL,'');
INSERT INTO items VALUES(666,18,'address','(H) FAIL',0,910,1100,50,30,60,0,NULL,'',NULL,'');
INSERT INTO items VALUES(667,18,'vertical','',0,1970,780,0,390,0,0,NULL,'',NULL,'');
INSERT INTO items VALUES(668,18,'select','result',0,700,880,110,20,60,0,NULL,'',NULL,'');
INSERT INTO items VALUES(669,18,'horizontal','',0,700,930,360,0,0,0,NULL,'',NULL,'');
INSERT INTO items VALUES(670,18,'case','PR_NON_EMV',0,700,970,110,20,60,0,NULL,'',NULL,'');
INSERT INTO items VALUES(671,18,'case','PR_NOK',0,910,970,50,20,60,0,NULL,'',NULL,'');
INSERT INTO items VALUES(672,18,'case','',0,1060,970,70,20,60,0,NULL,'',NULL,'');
INSERT INTO items VALUES(673,18,'vertical','',0,910,930,0,240,0,0,NULL,'',NULL,'');
INSERT INTO items VALUES(674,18,'vertical','',0,1060,930,0,240,0,0,NULL,'',NULL,'');
INSERT INTO items VALUES(675,18,'branch',replace('(G) Non EMV\nchip based\nprocessing','\n',char(10)),0,4310,450,80,40,60,0,NULL,'',NULL,'');
INSERT INTO items VALUES(676,18,'insertion',replace('result =\nCvc_Check_Amount();','\n',char(10)),0,1310,890,90,30,60,0,NULL,'',NULL,'');
INSERT INTO items VALUES(677,18,'if','PR_OK == result',0,1310,970,90,20,100,1,NULL,'',NULL,'');
INSERT INTO items VALUES(678,18,'vertical','',0,1500,970,0,200,0,0,NULL,'',NULL,'');
INSERT INTO items VALUES(679,18,'address','(H) FAIL',0,1500,1100,50,30,60,0,NULL,'',NULL,'');
INSERT INTO items VALUES(680,18,'vertical','',0,2220,390,0,780,0,0,NULL,'',NULL,'');
INSERT INTO items VALUES(681,18,'insertion',replace('result =\nKernel_Activation();','\n',char(10)),0,2220,700,90,30,60,0,NULL,'',NULL,'');
INSERT INTO items VALUES(682,18,'if','PR_OK == result',0,2220,770,90,20,100,1,NULL,'',NULL,'');
INSERT INTO items VALUES(683,18,'vertical','',0,2410,770,0,400,0,0,NULL,'',NULL,'');
INSERT INTO items VALUES(684,18,'address','(H) FAIL',0,2410,1100,50,30,60,0,NULL,'',NULL,'');
INSERT INTO items VALUES(685,18,'address',replace('(E) Outcome\nProcessing','\n',char(10)),0,2220,1090,90,40,60,0,NULL,'',NULL,'');
INSERT INTO items VALUES(686,18,'insertion',replace('result =\nKernel_Processing();','\n',char(10)),0,2220,860,90,30,60,0,NULL,'',NULL,'');
INSERT INTO items VALUES(687,18,'if','PR_OK == result',0,2220,930,90,20,100,1,NULL,'',NULL,'');
INSERT INTO items VALUES(688,18,'vertical','',0,2670,390,0,780,0,0,NULL,'',NULL,'');
INSERT INTO items VALUES(689,18,'insertion',replace('result =\nOutcome_Processing();','\n',char(10)),0,2670,770,160,30,60,0,NULL,'',NULL,'');
INSERT INTO items VALUES(690,18,'if','g_Ctd.Outcome == O_ONLINE_REQUEST',0,2670,930,160,20,100,1,NULL,'',NULL,'');
INSERT INTO items VALUES(691,18,'vertical','',0,2930,930,0,240,0,0,NULL,'',NULL,'');
INSERT INTO items VALUES(692,18,'insertion',replace('result =\nOnline_Request();','\n',char(10)),0,3270,540,110,30,60,0,NULL,'',NULL,'');
INSERT INTO items VALUES(693,18,'if','PR_OK == result',0,2670,850,160,20,250,1,NULL,'',NULL,'');
INSERT INTO items VALUES(694,18,'vertical','',0,3080,850,0,320,0,0,NULL,'',NULL,'');
INSERT INTO items VALUES(695,18,'select','g_Ctd.Out.Start',0,3270,720,110,20,60,0,NULL,'',NULL,'');
INSERT INTO items VALUES(696,18,'horizontal','',0,3270,760,770,0,0,0,NULL,'',NULL,'');
INSERT INTO items VALUES(697,18,'case','NONE',0,3270,800,110,20,60,0,NULL,'',NULL,'');
INSERT INTO items VALUES(698,18,'case','C',0,3760,800,70,20,60,0,NULL,'',NULL,'');
INSERT INTO items VALUES(699,18,'case','D',0,3920,800,50,20,60,0,NULL,'',NULL,'');
INSERT INTO items VALUES(700,18,'vertical','',0,3760,760,0,410,0,0,NULL,'',NULL,'');
INSERT INTO items VALUES(701,18,'vertical','',0,3920,760,0,410,0,0,NULL,'',NULL,'');
INSERT INTO items VALUES(702,18,'insertion',replace('result =\nCheck_Online_Performed();','\n',char(10)),0,3270,920,110,30,60,0,NULL,'',NULL,'');
INSERT INTO items VALUES(703,18,'if','PR_OK == result',0,3270,990,110,20,80,1,NULL,'',NULL,'');
INSERT INTO items VALUES(704,18,'address','(I) Completion',0,3270,1100,110,30,60,0,NULL,'',NULL,'');
INSERT INTO items VALUES(705,18,'case','B',0,3600,800,50,20,60,0,NULL,'',NULL,'');
INSERT INTO items VALUES(706,18,'vertical','',0,3600,760,0,410,0,0,NULL,'',NULL,'');
INSERT INTO items VALUES(707,18,'address',replace('(B) Tech\nSelection','\n',char(10)),0,3600,1090,50,40,60,0,NULL,'',NULL,'');
INSERT INTO items VALUES(708,18,'address',replace('(C) App Profile\nselection','\n',char(10)),0,3760,1090,70,40,60,0,NULL,'',NULL,'');
INSERT INTO items VALUES(709,18,'address',replace('(D) Kernel\nActivation','\n',char(10)),0,3920,1090,50,40,60,0,NULL,'',NULL,'');
INSERT INTO items VALUES(710,18,'case','',0,4040,800,50,20,60,0,NULL,'',NULL,'');
INSERT INTO items VALUES(711,18,'vertical','',0,4040,760,0,410,0,0,NULL,'',NULL,'');
INSERT INTO items VALUES(712,18,'address','(H) FAIL',0,4040,1100,50,30,60,0,NULL,'',NULL,'');
INSERT INTO items VALUES(713,18,'vertical','',0,4310,390,0,780,0,0,NULL,'',NULL,'');
INSERT INTO items VALUES(714,18,'vertical','',0,4520,390,0,780,0,0,NULL,'',NULL,'');
INSERT INTO items VALUES(715,18,'address','(H) FAIL',0,4310,1100,80,30,60,0,NULL,'',NULL,'');
INSERT INTO items VALUES(716,18,'address','(I) Completion',0,4520,1100,110,30,60,0,NULL,'',NULL,'');
INSERT INTO items VALUES(717,18,'address','(H) FAIL',0,3080,1100,50,30,60,0,NULL,'',NULL,'');
INSERT INTO items VALUES(718,18,'shelf','T_ABORTED',0,4520,1010,110,40,40,0,NULL,'',NULL,'g_Ctd.TransactionResult');
INSERT INTO items VALUES(719,18,'insertion','Transaction_Completion();',0,4770,530,110,20,60,0,NULL,'',NULL,'');
INSERT INTO items VALUES(720,18,'commentout','120',0,4920,520,30,20,30,0,NULL,'',NULL,'');
INSERT INTO items VALUES(721,18,'commentin',replace('Non EMV is not\nsupported','\n',char(10)),0,4310,1000,80,30,60,0,NULL,'',NULL,'');
INSERT INTO items VALUES(722,18,'branch',replace('(F) Online Request\nProcessing','\n',char(10)),0,3270,450,110,40,60,0,NULL,'',NULL,'');
INSERT INTO items VALUES(723,18,'vertical','',0,3270,390,0,780,0,0,NULL,'',NULL,'');
INSERT INTO items VALUES(724,18,'address','(I) Completion',0,2670,1100,160,30,60,0,NULL,'',NULL,'');
INSERT INTO items VALUES(725,18,'address',replace('(F) Online Request\nProcessing','\n',char(10)),0,2930,1090,90,40,60,0,NULL,'',NULL,'');
INSERT INTO items VALUES(726,18,'if','PR_OK == result',0,3270,600,110,20,780,1,NULL,'',NULL,'');
INSERT INTO items VALUES(727,18,'vertical','',0,3460,990,0,180,0,0,NULL,'',NULL,'');
INSERT INTO items VALUES(728,18,'vertical','',0,4160,600,0,570,0,0,NULL,'',NULL,'');
INSERT INTO items VALUES(729,18,'address','(H) FAIL',0,4160,1100,50,30,60,0,NULL,'',NULL,'');
INSERT INTO items VALUES(730,18,'address','(H) FAIL',0,3460,1100,50,30,60,0,NULL,'',NULL,'');
INSERT INTO items VALUES(731,19,'beginend','Online_Request',0,170,60,70,20,60,0,NULL,'',NULL,'');
INSERT INTO items VALUES(732,19,'beginend','End',0,660,510,50,20,60,0,NULL,'',NULL,'');
INSERT INTO items VALUES(733,19,'vertical','',0,170,60,0,540,0,0,NULL,'',NULL,'');
INSERT INTO items VALUES(734,19,'vertical','',0,420,120,0,480,0,0,NULL,'',NULL,'');
INSERT INTO items VALUES(735,19,'vertical','',0,660,120,0,380,0,0,NULL,'',NULL,'');
INSERT INTO items VALUES(736,19,'horizontal','',0,170,120,490,0,0,0,NULL,'',NULL,'');
INSERT INTO items VALUES(737,19,'arrow','',0,20,120,150,480,400,1,NULL,'',NULL,'');
INSERT INTO items VALUES(738,19,'branch','branch 1',0,170,170,50,30,60,0,NULL,'',NULL,'');
INSERT INTO items VALUES(739,19,'address','branch 2',0,170,550,50,30,60,0,NULL,'',NULL,'');
INSERT INTO items VALUES(740,19,'branch','branch 2',0,420,170,50,30,60,0,NULL,'',NULL,'');
INSERT INTO items VALUES(741,19,'branch','branch 3',0,660,170,60,30,60,0,NULL,'',NULL,'');
INSERT INTO items VALUES(742,19,'address','branch 3',0,420,550,50,30,60,0,NULL,'',NULL,'');
INSERT INTO items VALUES(743,20,'beginend','Transaction_Completion',0,170,60,100,20,60,0,NULL,'',NULL,'');
INSERT INTO items VALUES(744,20,'beginend','End',0,660,510,50,20,60,0,NULL,'',NULL,'');
INSERT INTO items VALUES(745,20,'vertical','',0,170,60,0,540,0,0,NULL,'',NULL,'');
INSERT INTO items VALUES(746,20,'vertical','',0,420,120,0,480,0,0,NULL,'',NULL,'');
INSERT INTO items VALUES(747,20,'vertical','',0,660,120,0,380,0,0,NULL,'',NULL,'');
INSERT INTO items VALUES(748,20,'horizontal','',0,170,120,490,0,0,0,NULL,'',NULL,'');
INSERT INTO items VALUES(749,20,'arrow','',0,20,120,150,480,400,1,NULL,'',NULL,'');
INSERT INTO items VALUES(750,20,'branch','branch 1',0,170,170,50,30,60,0,NULL,'',NULL,'');
INSERT INTO items VALUES(751,20,'address','branch 2',0,170,550,50,30,60,0,NULL,'',NULL,'');
INSERT INTO items VALUES(752,20,'branch','branch 2',0,420,170,50,30,60,0,NULL,'',NULL,'');
INSERT INTO items VALUES(753,20,'branch','branch 3',0,660,170,70,30,60,0,NULL,'',NULL,'');
INSERT INTO items VALUES(754,20,'address','branch 3',0,420,550,50,30,60,0,NULL,'',NULL,'');
INSERT INTO items VALUES(755,21,'beginend','Cvc_Check_Amount',0,240,50,80,20,60,0,NULL,'',NULL,'');
INSERT INTO items VALUES(756,21,'beginend','End',0,240,330,50,20,60,0,NULL,'',NULL,'');
INSERT INTO items VALUES(757,21,'vertical','',0,240,40,0,280,0,0,NULL,'',NULL,'');
INSERT INTO items VALUES(758,21,'if','g_Nexo.CvcDefaultAmount',0,240,110,120,20,130,0,NULL,'',NULL,'');
INSERT INTO items VALUES(759,21,'vertical','',0,490,110,0,120,0,0,NULL,'',NULL,'');
INSERT INTO items VALUES(760,21,'horizontal','',0,240,230,250,0,0,0,NULL,'',NULL,'');
INSERT INTO items VALUES(761,21,'shelf','*g_Nexo.CvcDefaultAmount',0,490,170,110,40,40,0,NULL,'',NULL,'g_Ctd.TransactionAmount');
INSERT INTO items VALUES(762,22,'beginend','Check_Online_Performed',0,170,60,100,20,60,0,NULL,'',NULL,'');
INSERT INTO items VALUES(763,22,'beginend','End',0,170,390,50,20,60,0,NULL,'',NULL,'');
INSERT INTO items VALUES(764,22,'vertical','',0,170,60,0,310,0,0,NULL,'',NULL,'');
INSERT INTO items VALUES(786,25,'beginend','Kernel_Activation',0,170,60,80,20,60,0,NULL,'',NULL,'');
INSERT INTO items VALUES(787,25,'beginend','End',0,660,510,50,20,60,0,NULL,'',NULL,'');
INSERT INTO items VALUES(788,25,'vertical','',0,170,60,0,540,0,0,NULL,'',NULL,'');
INSERT INTO items VALUES(789,25,'vertical','',0,420,120,0,480,0,0,NULL,'',NULL,'');
INSERT INTO items VALUES(790,25,'vertical','',0,660,120,0,380,0,0,NULL,'',NULL,'');
INSERT INTO items VALUES(791,25,'horizontal','',0,170,120,490,0,0,0,NULL,'',NULL,'');
INSERT INTO items VALUES(792,25,'arrow','',0,20,120,150,480,400,1,NULL,'',NULL,'');
INSERT INTO items VALUES(793,25,'branch','branch 1',0,170,170,50,30,60,0,NULL,'',NULL,'');
INSERT INTO items VALUES(794,25,'address','branch 2',0,170,550,50,30,60,0,NULL,'',NULL,'');
INSERT INTO items VALUES(795,25,'branch','branch 2',0,420,170,50,30,60,0,NULL,'',NULL,'');
INSERT INTO items VALUES(796,25,'branch','branch 3',0,660,170,60,30,60,0,NULL,'',NULL,'');
INSERT INTO items VALUES(797,25,'address','branch 3',0,420,550,50,30,60,0,NULL,'',NULL,'');
INSERT INTO items VALUES(798,26,'beginend','Profile_Selection',0,170,60,80,20,60,0,NULL,'',NULL,'');
INSERT INTO items VALUES(799,26,'beginend','End',0,660,510,50,20,60,0,NULL,'',NULL,'');
INSERT INTO items VALUES(800,26,'vertical','',0,170,60,0,540,0,0,NULL,'',NULL,'');
INSERT INTO items VALUES(801,26,'vertical','',0,420,120,0,480,0,0,NULL,'',NULL,'');
INSERT INTO items VALUES(802,26,'vertical','',0,660,120,0,380,0,0,NULL,'',NULL,'');
INSERT INTO items VALUES(803,26,'horizontal','',0,170,120,490,0,0,0,NULL,'',NULL,'');
INSERT INTO items VALUES(804,26,'arrow','',0,20,120,150,480,400,1,NULL,'',NULL,'');
INSERT INTO items VALUES(805,26,'branch','branch 1',0,170,170,50,30,60,0,NULL,'',NULL,'');
INSERT INTO items VALUES(806,26,'address','branch 2',0,170,550,50,30,60,0,NULL,'',NULL,'');
INSERT INTO items VALUES(807,26,'branch','branch 2',0,420,170,50,30,60,0,NULL,'',NULL,'');
INSERT INTO items VALUES(808,26,'branch','branch 3',0,660,170,60,30,60,0,NULL,'',NULL,'');
INSERT INTO items VALUES(809,26,'address','branch 3',0,420,550,50,30,60,0,NULL,'',NULL,'');
INSERT INTO items VALUES(810,27,'beginend','Kernel_Processing',0,170,60,80,20,60,0,NULL,'',NULL,'');
INSERT INTO items VALUES(811,27,'beginend','End',0,660,510,50,20,60,0,NULL,'',NULL,'');
INSERT INTO items VALUES(812,27,'vertical','',0,170,60,0,540,0,0,NULL,'',NULL,'');
INSERT INTO items VALUES(813,27,'vertical','',0,420,120,0,480,0,0,NULL,'',NULL,'');
INSERT INTO items VALUES(814,27,'vertical','',0,660,120,0,380,0,0,NULL,'',NULL,'');
INSERT INTO items VALUES(815,27,'horizontal','',0,170,120,490,0,0,0,NULL,'',NULL,'');
INSERT INTO items VALUES(816,27,'arrow','',0,20,120,150,480,400,1,NULL,'',NULL,'');
INSERT INTO items VALUES(817,27,'branch','branch 1',0,170,170,50,30,60,0,NULL,'',NULL,'');
INSERT INTO items VALUES(818,27,'address','branch 2',0,170,550,50,30,60,0,NULL,'',NULL,'');
INSERT INTO items VALUES(819,27,'branch','branch 2',0,420,170,50,30,60,0,NULL,'',NULL,'');
INSERT INTO items VALUES(820,27,'branch','branch 3',0,660,170,60,30,60,0,NULL,'',NULL,'');
INSERT INTO items VALUES(821,27,'address','branch 3',0,420,550,50,30,60,0,NULL,'',NULL,'');
INSERT INTO items VALUES(822,28,'beginend','Outcome_Processing',0,170,60,90,20,60,0,NULL,'',NULL,'');
INSERT INTO items VALUES(823,28,'beginend','End',0,660,510,50,20,60,0,NULL,'',NULL,'');
INSERT INTO items VALUES(824,28,'vertical','',0,170,60,0,540,0,0,NULL,'',NULL,'');
INSERT INTO items VALUES(825,28,'vertical','',0,420,120,0,480,0,0,NULL,'',NULL,'');
INSERT INTO items VALUES(826,28,'vertical','',0,660,120,0,380,0,0,NULL,'',NULL,'');
INSERT INTO items VALUES(827,28,'horizontal','',0,170,120,490,0,0,0,NULL,'',NULL,'');
INSERT INTO items VALUES(828,28,'arrow','',0,20,120,150,480,400,1,NULL,'',NULL,'');
INSERT INTO items VALUES(829,28,'branch','branch 1',0,170,170,50,30,60,0,NULL,'',NULL,'');
INSERT INTO items VALUES(830,28,'address','branch 2',0,170,550,50,30,60,0,NULL,'',NULL,'');
INSERT INTO items VALUES(831,28,'branch','branch 2',0,420,170,50,30,60,0,NULL,'',NULL,'');
INSERT INTO items VALUES(832,28,'branch','branch 3',0,660,170,60,30,60,0,NULL,'',NULL,'');
INSERT INTO items VALUES(833,28,'address','branch 3',0,420,550,50,30,60,0,NULL,'',NULL,'');
INSERT INTO items VALUES(843,30,'beginend','Technology_Selection',0,170,60,90,20,60,0,NULL,'',NULL,'');
INSERT INTO items VALUES(844,30,'beginend','End',0,660,510,50,20,60,0,NULL,'',NULL,'');
INSERT INTO items VALUES(845,30,'vertical','',0,170,60,0,540,0,0,NULL,'',NULL,'');
INSERT INTO items VALUES(846,30,'vertical','',0,420,120,0,480,0,0,NULL,'',NULL,'');
INSERT INTO items VALUES(847,30,'vertical','',0,660,120,0,380,0,0,NULL,'',NULL,'');
INSERT INTO items VALUES(848,30,'horizontal','',0,170,120,490,0,0,0,NULL,'',NULL,'');
INSERT INTO items VALUES(849,30,'arrow','',0,20,120,150,480,400,1,NULL,'',NULL,'');
INSERT INTO items VALUES(850,30,'branch','branch 1',0,170,170,50,30,60,0,NULL,'',NULL,'');
INSERT INTO items VALUES(851,30,'address','branch 2',0,170,550,50,30,60,0,NULL,'',NULL,'');
INSERT INTO items VALUES(852,30,'branch','branch 2',0,420,170,50,30,60,0,NULL,'',NULL,'');
INSERT INTO items VALUES(853,30,'branch','branch 3',0,660,170,60,30,60,0,NULL,'',NULL,'');
INSERT INTO items VALUES(854,30,'address','branch 3',0,420,550,50,30,60,0,NULL,'',NULL,'');
INSERT INTO items VALUES(855,31,'beginend','Dcc_Processing',0,220,50,70,20,60,0,NULL,'',NULL,'');
INSERT INTO items VALUES(856,31,'beginend','End',0,220,670,50,20,60,0,NULL,'',NULL,'');
INSERT INTO items VALUES(857,31,'vertical','',0,220,50,0,620,0,0,NULL,'',NULL,'');
INSERT INTO items VALUES(858,31,'shelf','true',0,220,130,170,40,40,0,NULL,'',NULL,'g_Ctd.DccPerformedOnce');
INSERT INTO items VALUES(859,31,'insertion','Transaction_Dcc_Eligibility();',0,220,210,170,20,60,0,NULL,'',NULL,'');
INSERT INTO items VALUES(860,31,'if','g_Ctd.isDccEligible',0,220,270,170,20,40,1,NULL,'',NULL,'');
INSERT INTO items VALUES(861,31,'vertical','',0,430,270,0,300,0,0,NULL,'',NULL,'');
INSERT INTO items VALUES(862,31,'horizontal','',0,220,570,210,0,0,0,NULL,'',NULL,'');
INSERT INTO items VALUES(863,31,'output','HAP_Online_Request_to_Dcc_Provider();',0,220,350,170,40,40,0,NULL,'',NULL,'HAP');
INSERT INTO items VALUES(864,31,'if','g_Ctd.isDccEligible',0,220,430,170,20,40,1,NULL,'',NULL,'');
INSERT INTO items VALUES(865,31,'output','SCAP_Cardholder_Confirmation();',0,220,510,170,40,40,0,NULL,'',NULL,'SCAP');
INSERT INTO items VALUES(866,32,'beginend','Transaction_Dcc_Eligibility',0,-150,70,120,20,60,0,NULL,'',NULL,'');
INSERT INTO items VALUES(867,32,'beginend','End',0,1830,510,50,20,60,0,NULL,'',NULL,'');
INSERT INTO items VALUES(868,32,'vertical','',0,170,120,0,670,0,0,NULL,'',NULL,'');
INSERT INTO items VALUES(869,32,'vertical','',0,960,120,0,670,0,0,NULL,'',NULL,'');
INSERT INTO items VALUES(870,32,'vertical','',0,1650,120,0,670,0,0,NULL,'',NULL,'');
INSERT INTO items VALUES(871,32,'horizontal','',0,-150,120,1980,0,0,0,NULL,'',NULL,'');
INSERT INTO items VALUES(872,32,'arrow','',0,-290,120,140,670,1940,1,NULL,'',NULL,'');
INSERT INTO items VALUES(873,32,'branch','Start',0,170,170,170,30,60,0,NULL,'',NULL,'');
INSERT INTO items VALUES(874,32,'address','Ineligible',0,170,730,170,30,60,0,NULL,'',NULL,'');
INSERT INTO items VALUES(875,32,'branch',replace('Request BIN List\nfor DCC checcking','\n',char(10)),0,960,180,80,40,60,0,NULL,'',NULL,'');
INSERT INTO items VALUES(876,32,'branch','Eligible',0,1650,170,90,30,60,0,NULL,'',NULL,'');
INSERT INTO items VALUES(877,32,'address','Eligible',0,960,730,80,30,60,0,NULL,'',NULL,'');
INSERT INTO items VALUES(878,32,'if',replace('g_Nexo.ApplicationProfileSettings\n.isDccAcceptorModeAllowed','\n',char(10)),0,170,250,170,30,420,1,NULL,'',NULL,'');
INSERT INTO items VALUES(879,32,'vertical','',0,760,250,0,540,0,0,NULL,'',NULL,'');
INSERT INTO items VALUES(880,32,'address','Ineligible',0,760,730,50,30,60,0,NULL,'',NULL,'');
INSERT INTO items VALUES(881,32,'if','g_Nexo.ApplicationCurrency',0,170,330,170,20,180,0,NULL,'',NULL,'');
INSERT INTO items VALUES(882,32,'vertical','',0,520,330,0,460,0,0,NULL,'',NULL,'');
INSERT INTO items VALUES(883,32,'if',replace('g_Nexo.ApplicationCurrency->Code\n==\ng_Ctd.TransactionCurrency.Code','\n',char(10)),0,520,390,160,30,80,0,NULL,'',NULL,'');
INSERT INTO items VALUES(884,32,'address',replace('Request BIN List\nfor DCC checcking','\n',char(10)),0,520,720,160,40,60,0,NULL,'',NULL,'');
INSERT INTO items VALUES(885,32,'if','g_Ctd.IssuerCountry',0,170,470,170,20,180,1,NULL,'',NULL,'');
INSERT INTO items VALUES(886,32,'if','isIssuerCountryExcludedForDcc()',0,170,550,170,20,180,1,NULL,'',NULL,'');
INSERT INTO items VALUES(887,32,'branch','Return',0,1830,170,70,30,60,0,NULL,'',NULL,'');
INSERT INTO items VALUES(888,32,'address','Return',0,1650,730,90,30,60,0,NULL,'',NULL,'');
INSERT INTO items VALUES(889,32,'vertical','',0,1830,120,0,400,0,0,NULL,'',NULL,'');
INSERT INTO items VALUES(890,32,'shelf','true',0,1650,270,90,40,40,0,NULL,'',NULL,'g_Ctd.isDccEligible');
INSERT INTO items VALUES(891,32,'commentin',replace('Matching PAN in\nBIN List is not\nsupported','\n',char(10)),0,960,270,80,30,60,0,NULL,'',NULL,'');
INSERT INTO items VALUES(892,32,'select','result',0,960,540,80,20,60,0,NULL,'',NULL,'');
INSERT INTO items VALUES(893,32,'horizontal','',0,960,580,330,0,0,0,NULL,'',NULL,'');
INSERT INTO items VALUES(894,32,'case','PR_NO_MATCH',0,960,620,80,20,60,0,NULL,'',NULL,'');
INSERT INTO items VALUES(895,32,'case','',0,1290,620,50,20,60,0,NULL,'',NULL,'');
INSERT INTO items VALUES(896,32,'vertical','',0,1290,580,0,210,0,0,NULL,'',NULL,'');
INSERT INTO items VALUES(897,32,'address','Ineligible',0,1290,730,50,30,60,0,NULL,'',NULL,'');
INSERT INTO items VALUES(898,18,'insertion','Dcc_Processing();',0,2220,570,90,20,60,0,NULL,NULL,NULL,NULL);
INSERT INTO items VALUES(899,18,'commentout','Non Standard',0,2420,560,60,20,60,0,NULL,NULL,NULL,NULL);
INSERT INTO items VALUES(900,33,'beginend','Update_Pre_Authorisation',0,-150,130,110,20,60,0,NULL,'',NULL,'');
INSERT INTO items VALUES(901,33,'beginend','End',0,6800,400,50,20,60,0,NULL,'',NULL,'');
INSERT INTO items VALUES(902,33,'vertical','',0,80,170,0,500,0,0,NULL,'',NULL,'');
INSERT INTO items VALUES(903,33,'vertical','',0,860,170,0,500,0,0,NULL,'',NULL,'');
INSERT INTO items VALUES(904,33,'vertical','',0,6240,170,0,500,0,0,NULL,'',NULL,'');
INSERT INTO items VALUES(905,33,'horizontal','',0,-150,170,6950,0,0,0,NULL,'',NULL,'');
INSERT INTO items VALUES(906,33,'arrow','',0,-290,170,140,500,6890,1,NULL,'',NULL,'');
INSERT INTO items VALUES(907,33,'branch','(A) Pre-Processing',0,80,220,90,30,60,0,NULL,'',NULL,'');
INSERT INTO items VALUES(908,33,'address',replace('(B) Tech\nSelection','\n',char(10)),0,80,610,90,40,60,0,NULL,'',NULL,'');
INSERT INTO items VALUES(909,33,'branch',replace('(B) Tech\nSelection','\n',char(10)),0,860,230,110,40,60,0,NULL,'',NULL,'');
INSERT INTO items VALUES(910,33,'branch','(I) Completion',0,6240,220,110,30,60,0,NULL,'',NULL,'');
INSERT INTO items VALUES(911,33,'address',replace('(G) Non EMV\nchip based\nprocessing','\n',char(10)),0,860,610,110,40,60,0,NULL,'',NULL,'');
INSERT INTO items VALUES(914,33,'branch',replace('(C) App Profile\nselection','\n',char(10)),0,1450,230,100,40,60,0,NULL,'',NULL,'');
INSERT INTO items VALUES(915,33,'branch',replace('(D) Kernel\nActivation','\n',char(10)),0,2250,230,100,40,60,0,NULL,'',NULL,'');
INSERT INTO items VALUES(916,33,'branch',replace('(D1) Outcome\nProcessing','\n',char(10)),0,3010,230,160,40,60,0,NULL,'',NULL,'');
INSERT INTO items VALUES(917,33,'branch','(H) Abort',0,6000,220,110,30,60,0,NULL,'',NULL,'');
INSERT INTO items VALUES(918,33,'vertical','',0,1450,170,0,500,0,0,NULL,'',NULL,'');
INSERT INTO items VALUES(919,33,'address',replace('(D) Kernel\nActivation','\n',char(10)),0,1450,610,100,40,60,0,NULL,'',NULL,'');
INSERT INTO items VALUES(920,33,'address',replace('(B) Tech\nSelection','\n',char(10)),0,1630,610,60,40,60,0,NULL,'',NULL,'');
INSERT INTO items VALUES(921,33,'address',replace('(D1) Outcome\nProcessing','\n',char(10)),0,1800,610,90,40,60,0,NULL,'',NULL,'');
INSERT INTO items VALUES(922,33,'address','(H) Abort',0,1960,620,50,30,60,0,NULL,'',NULL,'');
INSERT INTO items VALUES(926,33,'address','(H) Abort',0,440,620,50,30,60,0,NULL,'',NULL,'');
INSERT INTO items VALUES(929,33,'select','Profile_Selection()',0,1450,380,100,20,60,0,NULL,'',NULL,'');
INSERT INTO items VALUES(930,33,'horizontal','',0,1450,420,630,0,0,0,NULL,'',NULL,'');
INSERT INTO items VALUES(931,33,'case','PR_OK',0,1450,460,100,20,60,0,NULL,'',NULL,'');
INSERT INTO items VALUES(932,33,'case','PR_TAP_AGAIN',0,1630,460,60,20,60,0,NULL,'',NULL,'');
INSERT INTO items VALUES(933,33,'case','PR_END_APPLICATION',0,1800,460,90,20,60,0,NULL,'',NULL,'');
INSERT INTO items VALUES(934,33,'vertical','',0,1630,420,0,250,0,0,NULL,'',NULL,'');
INSERT INTO items VALUES(935,33,'vertical','',0,1800,420,0,250,0,0,NULL,'',NULL,'');
INSERT INTO items VALUES(936,33,'case','',0,2080,460,50,20,60,0,NULL,'',NULL,'');
INSERT INTO items VALUES(937,33,'address',replace('(C) App Profile\nselection','\n',char(10)),0,1220,610,110,40,60,0,NULL,'',NULL,'');
INSERT INTO items VALUES(938,33,'address','(H) Abort',0,1040,620,50,30,60,0,NULL,'',NULL,'');
INSERT INTO items VALUES(939,33,'vertical','',0,2080,420,0,250,0,0,NULL,'',NULL,'');
INSERT INTO items VALUES(940,33,'select','Technology_Selection()',0,860,310,110,20,60,0,NULL,'',NULL,'');
INSERT INTO items VALUES(941,33,'horizontal','',0,860,350,360,0,0,0,NULL,'',NULL,'');
INSERT INTO items VALUES(942,33,'case','PR_NON_EMV',0,860,390,110,20,60,0,NULL,'',NULL,'');
INSERT INTO items VALUES(943,33,'case','PR_NOK',0,1040,390,50,20,60,0,NULL,'',NULL,'');
INSERT INTO items VALUES(944,33,'case','',0,1220,390,110,20,60,0,NULL,'',NULL,'');
INSERT INTO items VALUES(945,33,'vertical','',0,1040,350,0,320,0,0,NULL,'',NULL,'');
INSERT INTO items VALUES(946,33,'vertical','',0,1220,350,0,320,0,0,NULL,'',NULL,'');
INSERT INTO items VALUES(947,33,'branch',replace('(G) Non EMV\nchip based\nprocessing','\n',char(10)),0,5790,230,80,40,60,0,NULL,'',NULL,'');
INSERT INTO items VALUES(952,33,'vertical','',0,2250,170,0,500,0,0,NULL,'',NULL,'');
INSERT INTO items VALUES(956,33,'address','(H) Abort',0,2420,620,50,30,60,0,NULL,'',NULL,'');
INSERT INTO items VALUES(957,33,'address',replace('(D1) Outcome\nProcessing','\n',char(10)),0,2250,610,100,40,60,0,NULL,'',NULL,'');
INSERT INTO items VALUES(960,33,'vertical','',0,3010,170,0,500,0,0,NULL,'',NULL,'');
INSERT INTO items VALUES(962,33,'if','g_Ctd.Outcome == O_ONLINE_REQUEST',0,3010,460,160,20,90,1,NULL,'',NULL,'');
INSERT INTO items VALUES(963,33,'vertical','',0,3260,460,0,210,0,0,NULL,'',NULL,'');
INSERT INTO items VALUES(967,33,'select','g_Ctd.Out.Start',0,4810,310,120,20,60,0,NULL,'',NULL,'');
INSERT INTO items VALUES(968,33,'horizontal','',0,4810,350,830,0,0,0,NULL,'',NULL,'');
INSERT INTO items VALUES(969,33,'case','NONE',0,4810,390,120,20,60,0,NULL,'',NULL,'');
INSERT INTO items VALUES(970,33,'case','C',0,5380,390,70,20,60,0,NULL,'',NULL,'');
INSERT INTO items VALUES(971,33,'case','D',0,5520,390,50,20,60,0,NULL,'',NULL,'');
INSERT INTO items VALUES(972,33,'vertical','',0,5380,350,0,320,0,0,NULL,'',NULL,'');
INSERT INTO items VALUES(973,33,'vertical','',0,5520,350,0,320,0,0,NULL,'',NULL,'');
INSERT INTO items VALUES(976,33,'address','(I) Completion',0,4810,620,120,30,60,0,NULL,'',NULL,'');
INSERT INTO items VALUES(977,33,'case','B',0,5240,390,50,20,60,0,NULL,'',NULL,'');
INSERT INTO items VALUES(978,33,'vertical','',0,5240,350,0,320,0,0,NULL,'',NULL,'');
INSERT INTO items VALUES(979,33,'address',replace('(B) Tech\nSelection','\n',char(10)),0,5240,610,50,40,60,0,NULL,'',NULL,'');
INSERT INTO items VALUES(980,33,'address',replace('(C) App Profile\nselection','\n',char(10)),0,5380,610,70,40,60,0,NULL,'',NULL,'');
INSERT INTO items VALUES(981,33,'address',replace('(D) Kernel\nActivation','\n',char(10)),0,5520,610,50,40,60,0,NULL,'',NULL,'');
INSERT INTO items VALUES(982,33,'case','',0,5640,390,50,20,60,0,NULL,'',NULL,'');
INSERT INTO items VALUES(983,33,'vertical','',0,5640,350,0,320,0,0,NULL,'',NULL,'');
INSERT INTO items VALUES(984,33,'address','Bailout',0,5640,620,50,30,60,0,NULL,'',NULL,'');
INSERT INTO items VALUES(985,33,'vertical','',0,5790,170,0,500,0,0,NULL,'',NULL,'');
INSERT INTO items VALUES(986,33,'vertical','',0,6000,170,0,500,0,0,NULL,'',NULL,'');
INSERT INTO items VALUES(987,33,'address','(H) Abort',0,5790,620,80,30,60,0,NULL,'',NULL,'');
INSERT INTO items VALUES(988,33,'address','(I) Completion',0,6000,620,110,30,60,0,NULL,'',NULL,'');
INSERT INTO items VALUES(989,33,'address','(H) Abort',0,3400,620,50,30,60,0,NULL,'',NULL,'');
INSERT INTO items VALUES(990,33,'shelf','T_ABORTED',0,6000,310,110,40,40,0,NULL,'',NULL,'g_Ctd.TransactionResult');
INSERT INTO items VALUES(991,33,'insertion',replace('result =\nTransaction_Completion();','\n',char(10)),0,6240,300,110,30,60,0,NULL,'',NULL,'');
INSERT INTO items VALUES(993,33,'commentin',replace('Non EMV is not\nsupported','\n',char(10)),0,5790,470,80,30,60,0,NULL,'',NULL,'');
INSERT INTO items VALUES(994,33,'branch',replace('(F) Online Request\nProcessing','\n',char(10)),0,4340,230,90,40,60,0,NULL,'',NULL,'');
INSERT INTO items VALUES(995,33,'vertical','',0,4340,170,0,500,0,0,NULL,'',NULL,'');
INSERT INTO items VALUES(996,33,'address',replace('(E) Update Pre-Auth\nSpecific Processing','\n',char(10)),0,3010,610,160,40,60,0,NULL,'',NULL,'');
INSERT INTO items VALUES(997,33,'address',replace('(F1) Check Online\nRequest\nJunction Point','\n',char(10)),0,3260,610,80,40,60,0,NULL,'',NULL,'');
INSERT INTO items VALUES(1001,33,'address','(H) Abort',0,5000,620,50,30,60,0,NULL,'',NULL,'');
INSERT INTO items VALUES(1005,33,'select','Pre_Processing()',1,80,390,90,20,60,0,NULL,NULL,NULL,NULL);
INSERT INTO items VALUES(1006,33,'horizontal','',0,80,430,600,0,0,0,NULL,NULL,NULL,NULL);
INSERT INTO items VALUES(1007,33,'case','PR_OK',0,80,470,90,20,60,0,NULL,NULL,NULL,NULL);
INSERT INTO items VALUES(1008,33,'case','PR_REFERENCE_ENTRY',0,280,470,90,20,60,0,NULL,NULL,NULL,NULL);
INSERT INTO items VALUES(1009,33,'case','',0,680,470,50,20,60,0,NULL,NULL,NULL,NULL);
INSERT INTO items VALUES(1010,33,'vertical','',0,280,430,0,240,0,0,NULL,NULL,NULL,NULL);
INSERT INTO items VALUES(1011,33,'vertical','',0,680,430,0,240,0,0,NULL,NULL,NULL,NULL);
INSERT INTO items VALUES(1012,33,'address',replace('(E) Update Pre-Auth\nSpecific Processing','\n',char(10)),0,280,610,90,40,60,0,NULL,NULL,NULL,NULL);
INSERT INTO items VALUES(1013,33,'select','Upa_Specific_Processing()',0,3710,350,120,20,60,0,NULL,NULL,NULL,NULL);
INSERT INTO items VALUES(1014,33,'horizontal','',0,3710,390,470,0,0,0,NULL,NULL,NULL,NULL);
INSERT INTO items VALUES(1015,33,'case','PR_ONLINE',0,3710,430,120,20,60,0,NULL,NULL,NULL,NULL);
INSERT INTO items VALUES(1016,33,'case','PR_OK',0,3920,430,70,20,60,0,NULL,NULL,NULL,NULL);
INSERT INTO items VALUES(1017,33,'case','',0,4180,430,50,20,60,0,NULL,NULL,NULL,NULL);
INSERT INTO items VALUES(1018,33,'vertical','',0,3920,390,0,280,0,0,NULL,NULL,NULL,NULL);
INSERT INTO items VALUES(1019,33,'vertical','',0,4180,390,0,280,0,0,NULL,NULL,NULL,NULL);
INSERT INTO items VALUES(1020,33,'vertical','',0,3710,170,0,500,0,0,NULL,NULL,NULL,NULL);
INSERT INTO items VALUES(1021,33,'branch',replace('(E) Update Pre-Auth\nSpecific Processing','\n',char(10)),0,3710,230,120,40,60,0,NULL,NULL,NULL,NULL);
INSERT INTO items VALUES(1023,33,'address',replace('(F) Online Request\nProcessing','\n',char(10)),0,3710,610,120,40,60,0,NULL,NULL,NULL,NULL);
INSERT INTO items VALUES(1024,33,'address','(I) Completion',0,3920,620,70,30,60,0,NULL,NULL,NULL,NULL);
INSERT INTO items VALUES(1025,33,'address','(H) Abort',0,4060,620,50,30,60,0,NULL,NULL,NULL,NULL);
INSERT INTO items VALUES(1026,34,'beginend','Upa_Specific_Processing',0,90,60,110,20,60,0,NULL,NULL,NULL,NULL);
INSERT INTO items VALUES(1027,34,'beginend','End',0,4780,460,50,20,60,0,NULL,NULL,NULL,NULL);
INSERT INTO items VALUES(1028,34,'vertical','',0,90,80,0,950,0,0,NULL,NULL,NULL,NULL);
INSERT INTO items VALUES(1029,34,'vertical','',0,4630,120,0,910,0,0,NULL,NULL,NULL,NULL);
INSERT INTO items VALUES(1030,34,'vertical','',0,4780,120,0,340,0,0,NULL,NULL,NULL,NULL);
INSERT INTO items VALUES(1031,34,'horizontal','',0,90,120,4690,0,0,0,NULL,NULL,NULL,NULL);
INSERT INTO items VALUES(1032,34,'arrow','',0,-110,120,200,910,4740,1,NULL,NULL,NULL,NULL);
INSERT INTO items VALUES(1033,34,'branch','Path Selection',0,90,170,130,30,60,0,NULL,NULL,NULL,NULL);
INSERT INTO items VALUES(1034,34,'address','Search Outcome Handling',0,90,980,130,30,60,0,NULL,NULL,NULL,NULL);
INSERT INTO items VALUES(1035,34,'branch','Nok',0,4630,170,50,30,60,0,NULL,NULL,NULL,NULL);
INSERT INTO items VALUES(1036,34,'branch','Return',0,4780,170,70,30,60,0,NULL,NULL,NULL,NULL);
INSERT INTO items VALUES(1037,34,'address','Return',0,4630,980,50,30,60,0,NULL,NULL,NULL,NULL);
INSERT INTO items VALUES(1038,34,'if',replace('g_Nexo.TerminalSettings\n.retrievePreauth','\n',char(10)),0,90,590,130,30,540,1,NULL,NULL,NULL,NULL);
INSERT INTO items VALUES(1039,34,'vertical','',0,760,590,0,440,0,0,NULL,NULL,NULL,NULL);
INSERT INTO items VALUES(1040,34,'address','Amount Confirmation',0,760,980,90,30,60,0,NULL,NULL,NULL,NULL);
INSERT INTO items VALUES(1041,34,'if',replace('g_Nexo.ServiceStartEvents\n[g_Ctd.SelectedService]\n.referenceEntry','\n',char(10)),0,90,670,130,30,290,0,NULL,NULL,NULL,NULL);
INSERT INTO items VALUES(1042,34,'vertical','',0,510,670,0,360,0,0,NULL,NULL,NULL,NULL);
INSERT INTO items VALUES(1044,34,'if','g_Ctd.PAN',0,90,740,130,20,80,1,NULL,NULL,NULL,NULL);
INSERT INTO items VALUES(1045,34,'vertical','',0,300,740,0,290,0,0,NULL,NULL,NULL,NULL);
INSERT INTO items VALUES(1046,34,'address','Nok',0,300,980,50,30,60,0,NULL,NULL,NULL,NULL);
INSERT INTO items VALUES(1047,34,'address','Search Outcome Handling',0,510,980,140,30,60,0,NULL,NULL,NULL,NULL);
INSERT INTO items VALUES(1048,34,'output',replace('result =\nSCAP_Search_Transaction_Result_List();','\n',char(10)),0,1830,370,180,50,40,0,NULL,NULL,NULL,'SCAP');
INSERT INTO items VALUES(1049,34,'vertical','',0,1830,120,0,910,0,0,NULL,NULL,NULL,NULL);
INSERT INTO items VALUES(1050,34,'branch','Transaction Selection',0,1830,170,180,30,60,0,NULL,NULL,NULL,NULL);
INSERT INTO items VALUES(1052,34,'vertical','',0,2840,120,0,910,0,0,NULL,NULL,NULL,NULL);
INSERT INTO items VALUES(1053,34,'branch','Amount Confirmation',0,2840,170,160,30,60,0,NULL,NULL,NULL,NULL);
INSERT INTO items VALUES(1054,34,'address','Request setup',0,2840,980,160,30,60,0,NULL,NULL,NULL,NULL);
INSERT INTO items VALUES(1055,34,'output',replace('result =\nSearchReservationsByRefData();','\n',char(10)),0,510,820,140,50,40,0,NULL,NULL,NULL,'HAP');
INSERT INTO items VALUES(1056,34,'output',replace('result =\nSearchReservationsByPan();','\n',char(10)),0,90,820,130,50,40,0,NULL,NULL,NULL,'HAP');
INSERT INTO items VALUES(1057,34,'select','result',0,1000,460,110,20,60,0,NULL,NULL,NULL,NULL);
INSERT INTO items VALUES(1058,34,'horizontal','',0,1000,500,520,0,0,0,NULL,NULL,NULL,NULL);
INSERT INTO items VALUES(1059,34,'case','PR_OK',0,1000,540,110,20,60,0,NULL,NULL,NULL,NULL);
INSERT INTO items VALUES(1060,34,'case','PR_NOT_FOUND',0,1270,540,140,20,60,0,NULL,NULL,NULL,NULL);
INSERT INTO items VALUES(1061,34,'case','',0,1520,540,80,20,60,0,NULL,NULL,NULL,NULL);
INSERT INTO items VALUES(1062,34,'vertical','',0,1270,500,0,530,0,0,NULL,NULL,NULL,NULL);
INSERT INTO items VALUES(1063,34,'vertical','',0,1520,500,0,360,0,0,NULL,NULL,NULL,NULL);
INSERT INTO items VALUES(1064,34,'address','Amount Confirmation',0,1830,980,180,30,60,0,NULL,NULL,NULL,NULL);
INSERT INTO items VALUES(1065,34,'shelf','N_ORIGINAL_TRX_NOT_FOUND',0,1270,730,140,40,40,0,NULL,NULL,NULL,'g_Ctd.NokReason');
INSERT INTO items VALUES(1066,34,'output','SCAP_NoOriginalTransaction();',0,1270,630,140,40,40,0,NULL,NULL,NULL,'SCAP');
INSERT INTO items VALUES(1067,34,'shelf','N_TECHNICAL_ERROR',0,1520,730,80,40,40,0,NULL,'',NULL,'g_Ctd.NokReason');
INSERT INTO items VALUES(1069,34,'address','Nok',0,2570,980,50,30,60,0,NULL,NULL,NULL,NULL);
INSERT INTO items VALUES(1071,34,'if','PR_OK == result',0,1830,640,180,20,560,1,NULL,NULL,NULL,NULL);
INSERT INTO items VALUES(1074,34,'shelf',replace('N_MISSING_DATA\n/**/','\n',char(10)),0,2430,640,70,50,40,0,NULL,NULL,NULL,'g_Ctd.NokReason');
INSERT INTO items VALUES(1079,34,'if',replace('g_Nexo.ServiceStartEvents\n[g_Ctd.SelectedService]\n.referenceEntry','\n',char(10)),0,1830,730,180,30,150,0,NULL,NULL,NULL,NULL);
INSERT INTO items VALUES(1080,34,'vertical','',0,2160,730,0,170,0,0,NULL,NULL,NULL,NULL);
INSERT INTO items VALUES(1081,34,'insertion',replace('result =\nProcess_Profile_Parameters();','\n',char(10)),0,2160,790,130,30,60,0,NULL,NULL,NULL,NULL);
INSERT INTO items VALUES(1082,34,'if','PR_OK == result',0,2160,850,130,20,280,1,NULL,NULL,NULL,NULL);
INSERT INTO items VALUES(1083,34,'horizontal','',0,1830,900,330,0,0,0,NULL,NULL,NULL,NULL);
INSERT INTO items VALUES(1085,34,'shelf','PR_NOK',0,4630,310,50,40,40,0,NULL,NULL,NULL,'result');
INSERT INTO items VALUES(1087,34,'shelf','PR_OK',0,3980,870,120,40,40,0,NULL,NULL,NULL,'result');
INSERT INTO items VALUES(1090,34,'if','g_Ctd.TransactionAmountEntered',0,2840,330,160,20,280,1,NULL,NULL,NULL,NULL);
INSERT INTO items VALUES(1091,34,'vertical','',0,3280,330,0,700,0,0,NULL,NULL,NULL,NULL);
INSERT INTO items VALUES(1093,34,'shelf','(union Amount){ .bcd = { 0 } }',0,3280,410,130,40,40,0,NULL,NULL,NULL,'g_Ctd.TransactionAmount');
INSERT INTO items VALUES(1094,34,'output',replace('result =\nUpdatePreAuthAmountEntry();','\n',char(10)),0,3280,530,130,50,40,0,NULL,NULL,NULL,'SCAP');
INSERT INTO items VALUES(1095,34,'output',replace('result =\nUpdatePreAuthAmountConfirmation();','\n',char(10)),0,2840,530,160,50,40,0,NULL,NULL,NULL,'SCAP');
INSERT INTO items VALUES(1096,34,'if','PR_DONE == result',0,3280,620,130,20,80,1,NULL,NULL,NULL,NULL);
INSERT INTO items VALUES(1097,34,'vertical','',0,3490,620,0,410,0,0,NULL,NULL,NULL,NULL);
INSERT INTO items VALUES(1098,34,'shelf','true',0,3280,730,130,40,40,0,NULL,NULL,NULL,'g_Ctd.TransactionAmountEntered');
INSERT INTO items VALUES(1099,34,'if','PR_DONE == result',0,2840,620,160,20,70,1,NULL,NULL,NULL,NULL);
INSERT INTO items VALUES(1100,34,'vertical','',0,3070,620,0,410,0,0,NULL,NULL,NULL,NULL);
INSERT INTO items VALUES(1101,34,'branch','Request setup',0,3700,170,130,30,60,0,NULL,NULL,NULL,NULL);
INSERT INTO items VALUES(1102,34,'vertical','',0,3700,120,0,910,0,0,NULL,NULL,NULL,NULL);
INSERT INTO items VALUES(1103,34,'address','Request setup',0,3280,980,130,30,60,0,NULL,NULL,NULL,NULL);
INSERT INTO items VALUES(1104,34,'address','Nok',0,3490,980,50,30,60,0,NULL,NULL,NULL,NULL);
INSERT INTO items VALUES(1105,34,'address','Nok',0,3070,980,50,30,60,0,NULL,NULL,NULL,NULL);
INSERT INTO items VALUES(1106,34,'address','Return',0,3700,980,130,30,60,0,NULL,NULL,NULL,NULL);
INSERT INTO items VALUES(1107,34,'action','SetUpdatePreAuthTotalAmount();',0,3700,240,130,20,0,0,NULL,NULL,NULL,NULL);
INSERT INTO items VALUES(1108,34,'if',replace('g_Nexo.ServiceStartEvents\n[g_Ctd.SelectedService]\n.referenceEntry','\n',char(10)),0,3700,310,130,30,150,0,NULL,'',NULL,'');
INSERT INTO items VALUES(1109,34,'vertical','',0,3980,310,0,620,0,0,NULL,'',NULL,'');
INSERT INTO items VALUES(1110,34,'shelf','PR_ONLINE',0,3700,870,130,40,40,0,NULL,NULL,NULL,'result');
INSERT INTO items VALUES(1111,34,'output',replace('result =\nOnlineApprovalRequest();','\n',char(10)),0,3980,370,120,50,40,0,NULL,NULL,NULL,'HAP');
INSERT INTO items VALUES(1112,34,'select','result',0,3980,450,120,20,60,0,NULL,NULL,NULL,NULL);
INSERT INTO items VALUES(1113,34,'horizontal','',0,3980,490,510,0,0,0,NULL,NULL,NULL,NULL);
INSERT INTO items VALUES(1114,34,'case','PR_DONE',0,3980,530,120,20,60,0,NULL,NULL,NULL,NULL);
INSERT INTO items VALUES(1115,34,'case','PR_UNABLE_TO_GO_ONLINE',0,4270,530,150,20,60,0,NULL,NULL,NULL,NULL);
INSERT INTO items VALUES(1116,34,'case','',0,4490,530,50,20,60,0,NULL,NULL,NULL,NULL);
INSERT INTO items VALUES(1117,34,'vertical','',0,4270,490,0,320,0,0,NULL,NULL,NULL,NULL);
INSERT INTO items VALUES(1118,34,'vertical','',0,4490,490,0,540,0,0,NULL,NULL,NULL,NULL);
INSERT INTO items VALUES(1119,34,'address','Nok',0,4490,980,50,30,60,0,NULL,NULL,NULL,NULL);
INSERT INTO items VALUES(1122,34,'shelf','T_DECLINED',0,4270,610,150,40,40,0,NULL,NULL,NULL,'g_Ctd.TransactionResult');
INSERT INTO items VALUES(1123,34,'shelf',replace('(struct AuthorisationResponseCode)\n{ .v = { ''Z'', ''1'' } }','\n',char(10)),0,4270,730,150,60,60,0,NULL,NULL,NULL,replace('g_Ctd.\nAuthorisationResponseCode','\n',char(10)));
INSERT INTO items VALUES(1124,35,'beginend','Process_Profile_Parameters',0,170,60,120,20,60,0,NULL,'',NULL,'');
INSERT INTO items VALUES(1125,35,'beginend','End',0,660,510,50,20,60,0,NULL,'',NULL,'');
INSERT INTO items VALUES(1126,35,'vertical','',0,170,80,0,520,0,0,NULL,'',NULL,'');
INSERT INTO items VALUES(1127,35,'vertical','',0,420,120,0,480,0,0,NULL,'',NULL,'');
INSERT INTO items VALUES(1128,35,'vertical','',0,660,120,0,380,0,0,NULL,'',NULL,'');
INSERT INTO items VALUES(1129,35,'horizontal','',0,170,120,490,0,0,0,NULL,'',NULL,'');
INSERT INTO items VALUES(1130,35,'arrow','',0,20,120,150,480,400,1,NULL,'',NULL,'');
INSERT INTO items VALUES(1131,35,'branch','branch 1',0,170,170,50,30,60,0,NULL,'',NULL,'');
INSERT INTO items VALUES(1132,35,'address','branch 2',0,170,550,50,30,60,0,NULL,'',NULL,'');
INSERT INTO items VALUES(1133,35,'branch','branch 2',0,420,170,50,30,60,0,NULL,'',NULL,'');
INSERT INTO items VALUES(1134,35,'branch','branch 3',0,660,170,60,30,60,0,NULL,'',NULL,'');
INSERT INTO items VALUES(1135,35,'address','branch 3',0,420,550,50,30,60,0,NULL,'',NULL,'');
INSERT INTO items VALUES(1136,34,'if','PR_DONE == result',0,1830,460,180,20,560,1,NULL,NULL,NULL,NULL);
INSERT INTO items VALUES(1137,34,'vertical','',0,2570,460,0,570,0,0,NULL,NULL,NULL,NULL);
INSERT INTO items VALUES(1138,34,'vertical','',0,1000,120,0,910,0,0,NULL,NULL,NULL,NULL);
INSERT INTO items VALUES(1139,34,'branch','Search Outcome Handling',0,1000,170,110,30,60,0,NULL,NULL,NULL,NULL);
INSERT INTO items VALUES(1140,34,'address','Transaction Selection',0,1000,980,110,30,60,0,NULL,NULL,NULL,NULL);
INSERT INTO items VALUES(1141,34,'address','Nok',0,1270,980,140,30,60,0,NULL,NULL,NULL,NULL);
INSERT INTO items VALUES(1142,34,'horizontal','',0,1270,860,250,0,0,0,NULL,NULL,NULL,NULL);
INSERT INTO items VALUES(1143,34,'output',replace('result =\nLog_Entry_Data_Retrieval();','\n',char(10)),0,1830,550,180,50,40,0,NULL,NULL,NULL,'HAP');
INSERT INTO items VALUES(1144,34,'horizontal','',0,3980,810,290,0,0,0,NULL,NULL,NULL,NULL);
INSERT INTO items VALUES(1145,34,'horizontal','',0,3700,930,280,0,0,0,NULL,NULL,NULL,NULL);
INSERT INTO items VALUES(1146,36,'beginend','Main',0,-300,0,50,20,60,0,NULL,'',NULL,'');
INSERT INTO items VALUES(1147,36,'beginend','End',0,4310,420,50,20,60,0,NULL,'',NULL,'');
INSERT INTO items VALUES(1148,36,'vertical','',0,-10,60,0,780,0,0,NULL,'',NULL,'');
INSERT INTO items VALUES(1149,36,'vertical','',0,3470,60,0,780,0,0,NULL,'',NULL,'');
INSERT INTO items VALUES(1150,36,'vertical','',0,4310,60,0,350,0,0,NULL,'',NULL,'');
INSERT INTO items VALUES(1151,36,'horizontal','',0,-300,60,4610,0,0,0,NULL,'',NULL,'');
INSERT INTO items VALUES(1152,36,'arrow','',0,-440,60,140,780,4600,1,NULL,'',NULL,'');
INSERT INTO items VALUES(1153,36,'branch',replace('Proprietary\nstartup sequence','\n',char(10)),0,-10,120,150,40,60,1,NULL,'',NULL,'');
INSERT INTO items VALUES(1154,36,'address',replace('(A) Financial\nApplication\nStartup','\n',char(10)),0,-10,780,150,40,60,0,NULL,'',NULL,'');
INSERT INTO items VALUES(1155,36,'branch',replace('Diagnostics\nMaintenance\nRecovery','\n',char(10)),0,3470,130,160,40,60,0,NULL,'',NULL,'');
INSERT INTO items VALUES(1156,36,'branch','Return',0,4310,120,70,30,60,0,NULL,'',NULL,'');
INSERT INTO items VALUES(1157,36,'address',replace('Proprietary\nstartup sequence','\n',char(10)),0,3470,780,160,40,60,1,NULL,'',NULL,'');
INSERT INTO items VALUES(1160,36,'if','PR_OK == result',0,-10,540,150,20,70,1,NULL,NULL,NULL,NULL);
INSERT INTO items VALUES(1161,36,'vertical','',0,210,540,0,300,0,0,NULL,NULL,NULL,NULL);
INSERT INTO items VALUES(1163,36,'vertical','',0,430,60,0,780,0,0,NULL,NULL,NULL,NULL);
INSERT INTO items VALUES(1164,36,'branch',replace('(A) Financial\nApplication\nStartup','\n',char(10)),0,430,120,140,40,60,1,NULL,NULL,NULL,NULL);
INSERT INTO items VALUES(1165,36,'address',replace('Default Service\ninitialisation','\n',char(10)),0,430,780,140,40,60,0,NULL,NULL,NULL,NULL);
INSERT INTO items VALUES(1166,36,'address',replace('Diagnostics\nMaintenance\nRecovery','\n',char(10)),0,210,780,60,40,60,0,NULL,NULL,NULL,NULL);
INSERT INTO items VALUES(1169,36,'if','PR_OK == result',0,430,540,140,20,80,1,NULL,NULL,NULL,NULL);
INSERT INTO items VALUES(1170,36,'vertical','',0,650,540,0,300,0,0,NULL,NULL,NULL,NULL);
INSERT INTO items VALUES(1171,36,'address',replace('Diagnostics\nMaintenance\nRecovery','\n',char(10)),0,650,780,60,40,60,0,NULL,NULL,NULL,NULL);
INSERT INTO items VALUES(1172,36,'branch',replace('Default Service\ninitialisation','\n',char(10)),0,880,120,150,40,60,1,NULL,NULL,NULL,NULL);
INSERT INTO items VALUES(1173,36,'vertical','',0,880,60,0,780,0,0,NULL,NULL,NULL,NULL);
INSERT INTO items VALUES(1174,36,'address','(B) Idle',0,880,790,150,30,60,0,NULL,NULL,NULL,NULL);
INSERT INTO items VALUES(1175,36,'insertion',replace('result =\nDefault_Service_Initialisation();','\n',char(10)),0,880,470,150,30,60,0,NULL,NULL,NULL,NULL);
INSERT INTO items VALUES(1176,36,'if','PR_OK == result',0,880,540,150,20,80,1,NULL,'',NULL,'');
INSERT INTO items VALUES(1177,36,'vertical','',0,1110,540,0,300,0,0,NULL,'',NULL,'');
INSERT INTO items VALUES(1178,36,'address',replace('Diagnostics\nMaintenance\nRecovery','\n',char(10)),0,1110,780,60,40,60,0,NULL,'',NULL,'');
INSERT INTO items VALUES(1179,36,'vertical','',0,1350,60,0,780,0,0,NULL,NULL,NULL,NULL);
INSERT INTO items VALUES(1180,36,'branch','(B) Idle',0,1350,110,160,30,60,1,NULL,NULL,NULL,NULL);
INSERT INTO items VALUES(1181,36,'address','Perform Service',0,1350,790,160,30,60,0,NULL,NULL,NULL,NULL);
INSERT INTO items VALUES(1182,36,'input',replace('result =\nWait_For_Event(\n	&g_Ctd.Event.Table,\n	&g_Ctd.ReferenceData,\n	&g_Ctd.SelectedService\n);','\n',char(10)),0,1350,230,160,70,40,0,NULL,NULL,NULL,'SCAP');
INSERT INTO items VALUES(1184,36,'select','Process_Event()',0,1350,480,160,20,60,0,NULL,NULL,NULL,NULL);
INSERT INTO items VALUES(1185,36,'horizontal','',0,1350,520,1360,0,0,0,NULL,NULL,NULL,NULL);
INSERT INTO items VALUES(1186,36,'case','PR_OK',0,1350,560,160,20,60,0,NULL,NULL,NULL,NULL);
INSERT INTO items VALUES(1187,36,'case','PR_REINITIALISE',0,2000,560,70,20,60,0,NULL,NULL,NULL,NULL);
INSERT INTO items VALUES(1188,36,'case','',0,2710,560,60,20,60,0,NULL,NULL,NULL,NULL);
INSERT INTO items VALUES(1189,36,'vertical','',0,2000,520,0,320,0,0,NULL,NULL,NULL,NULL);
INSERT INTO items VALUES(1190,36,'vertical','',0,2710,520,0,320,0,0,NULL,NULL,NULL,NULL);
INSERT INTO items VALUES(1191,36,'address',replace('Default Service\ninitialisation','\n',char(10)),0,2000,780,70,40,60,1,NULL,NULL,NULL,NULL);
INSERT INTO items VALUES(1192,36,'address',replace('(A) Financial\nApplication\nStartup','\n',char(10)),0,2160,780,70,40,60,1,NULL,NULL,NULL,NULL);
INSERT INTO items VALUES(1194,36,'vertical','',0,2900,60,0,780,0,0,NULL,NULL,NULL,NULL);
INSERT INTO items VALUES(1195,36,'branch','Perform Service',0,2900,110,90,30,60,0,NULL,NULL,NULL,NULL);
INSERT INTO items VALUES(1199,36,'address',replace('Default Service\ninitialisation','\n',char(10)),0,2900,780,90,40,60,1,NULL,NULL,NULL,NULL);
INSERT INTO items VALUES(1200,36,'address',replace('(A) Financial\nApplication\nStartup','\n',char(10)),0,3080,780,70,40,60,1,NULL,NULL,NULL,NULL);
INSERT INTO items VALUES(1204,36,'address','(B) Idle',0,1650,790,120,30,60,1,NULL,NULL,NULL,NULL);
INSERT INTO items VALUES(1218,38,'beginend','Perform_Service',0,-250,-80,70,20,60,0,NULL,NULL,NULL,NULL);
INSERT INTO items VALUES(1219,38,'beginend','End',0,1510,480,50,20,60,0,NULL,NULL,NULL,NULL);
INSERT INTO items VALUES(1220,38,'vertical','',0,90,-40,0,760,0,0,NULL,NULL,NULL,NULL);
INSERT INTO items VALUES(1221,38,'vertical','',0,1090,-40,0,760,0,0,NULL,NULL,NULL,NULL);
INSERT INTO items VALUES(1222,38,'vertical','',0,1510,-40,0,510,0,0,NULL,NULL,NULL,NULL);
INSERT INTO items VALUES(1223,38,'horizontal','',0,-250,-40,1760,0,0,0,NULL,NULL,NULL,NULL);
INSERT INTO items VALUES(1224,38,'arrow','',0,-390,-40,140,760,1680,1,NULL,NULL,NULL,NULL);
INSERT INTO items VALUES(1225,38,'branch','Start',0,90,10,140,30,60,0,NULL,NULL,NULL,NULL);
INSERT INTO items VALUES(1226,38,'address','Ok',0,90,670,140,30,60,0,NULL,NULL,NULL,NULL);
INSERT INTO items VALUES(1227,38,'branch','Nok',0,1090,10,50,30,60,0,NULL,NULL,NULL,NULL);
INSERT INTO items VALUES(1228,38,'branch','Return',0,1510,10,70,30,60,0,NULL,NULL,NULL,NULL);
INSERT INTO items VALUES(1229,38,'address','Return',0,1090,670,50,30,60,0,NULL,NULL,NULL,NULL);
INSERT INTO items VALUES(1232,39,'beginend','Default_Service_Initialisation',0,30,10,130,20,60,0,NULL,NULL,NULL,NULL);
INSERT INTO items VALUES(1233,39,'beginend','End',0,1250,390,50,20,60,0,NULL,NULL,NULL,NULL);
INSERT INTO items VALUES(1234,39,'vertical','',0,30,30,0,770,0,0,NULL,NULL,NULL,NULL);
INSERT INTO items VALUES(1235,39,'vertical','',0,700,50,0,750,0,0,NULL,NULL,NULL,NULL);
INSERT INTO items VALUES(1236,39,'vertical','',0,1250,50,0,330,0,0,NULL,NULL,NULL,NULL);
INSERT INTO items VALUES(1237,39,'horizontal','',0,30,50,1220,0,0,0,NULL,NULL,NULL,NULL);
INSERT INTO items VALUES(1238,39,'arrow','',0,-120,50,150,750,1220,1,NULL,NULL,NULL,NULL);
INSERT INTO items VALUES(1239,39,'branch','Service Detection',0,30,100,130,30,60,0,NULL,NULL,NULL,NULL);
INSERT INTO items VALUES(1240,39,'address',replace('Payment Service\ninitialisation','\n',char(10)),0,30,740,130,40,60,0,NULL,NULL,NULL,NULL);
INSERT INTO items VALUES(1241,39,'branch',replace('Payment Service\ninitialisation','\n',char(10)),0,700,100,210,40,60,0,NULL,NULL,NULL,NULL);
INSERT INTO items VALUES(1242,39,'branch','Return',0,1250,100,70,30,60,0,NULL,NULL,NULL,NULL);
INSERT INTO items VALUES(1243,39,'address','Return',0,700,750,210,30,60,0,NULL,NULL,NULL,NULL);
INSERT INTO items VALUES(1246,40,'beginend','Check_Service_Start_Conditions',0,170,60,130,20,60,0,NULL,NULL,NULL,NULL);
INSERT INTO items VALUES(1247,40,'beginend','End',0,680,510,50,20,60,0,NULL,NULL,NULL,NULL);
INSERT INTO items VALUES(1248,40,'vertical','',0,170,80,0,520,0,0,NULL,NULL,NULL,NULL);
INSERT INTO items VALUES(1249,40,'vertical','',0,450,120,0,480,0,0,NULL,NULL,NULL,NULL);
INSERT INTO items VALUES(1250,40,'vertical','',0,680,120,0,380,0,0,NULL,NULL,NULL,NULL);
INSERT INTO items VALUES(1251,40,'horizontal','',0,170,120,510,0,0,0,NULL,NULL,NULL,NULL);
INSERT INTO items VALUES(1252,40,'arrow','',0,0,120,170,480,450,1,NULL,NULL,NULL,NULL);
INSERT INTO items VALUES(1253,40,'branch','branch 1',0,170,170,120,30,60,0,NULL,NULL,NULL,NULL);
INSERT INTO items VALUES(1254,40,'address','branch 2',0,170,550,120,30,60,0,NULL,NULL,NULL,NULL);
INSERT INTO items VALUES(1255,40,'branch','branch 2',0,450,170,110,30,60,0,NULL,NULL,NULL,NULL);
INSERT INTO items VALUES(1256,40,'branch','branch 3',0,680,170,70,30,60,0,NULL,NULL,NULL,NULL);
INSERT INTO items VALUES(1257,40,'address','branch 3',0,450,550,110,30,60,0,NULL,NULL,NULL,NULL);
INSERT INTO items VALUES(1349,41,'beginend','Process_Event',0,-250,-310,70,20,60,0,NULL,NULL,NULL,NULL);
INSERT INTO items VALUES(1350,41,'beginend','End',0,4300,270,50,20,60,0,NULL,NULL,NULL,NULL);
INSERT INTO items VALUES(1351,41,'vertical','',0,110,-250,0,1240,0,0,NULL,NULL,NULL,NULL);
INSERT INTO items VALUES(1352,41,'vertical','',0,4090,-250,0,1240,0,0,NULL,NULL,NULL,NULL);
INSERT INTO items VALUES(1353,41,'vertical','',0,4300,-250,0,510,0,0,NULL,NULL,NULL,NULL);
INSERT INTO items VALUES(1354,41,'horizontal','',0,-250,-250,4550,0,0,0,NULL,NULL,NULL,NULL);
INSERT INTO items VALUES(1355,41,'arrow','',0,-430,-250,180,1240,4520,1,NULL,NULL,NULL,NULL);
INSERT INTO items VALUES(1356,41,'branch','branch 1',0,110,-200,190,30,60,0,NULL,NULL,NULL,NULL);
INSERT INTO items VALUES(1357,41,'address','branch 2',0,110,940,190,30,60,0,NULL,NULL,NULL,NULL);
INSERT INTO items VALUES(1358,41,'branch','Nok',0,4090,-200,70,30,60,0,NULL,NULL,NULL,NULL);
INSERT INTO items VALUES(1359,41,'branch','End',0,4300,-200,120,30,60,0,NULL,NULL,NULL,NULL);
INSERT INTO items VALUES(1360,41,'address','End',0,4090,940,70,30,60,0,NULL,NULL,NULL,NULL);
INSERT INTO items VALUES(1363,41,'vertical','',0,2590,-250,0,1240,0,0,NULL,NULL,NULL,NULL);
INSERT INTO items VALUES(1364,41,'vertical','',0,3930,-250,0,1240,0,0,NULL,NULL,NULL,NULL);
INSERT INTO items VALUES(1365,41,'vertical','',0,1820,-250,0,1240,0,0,NULL,NULL,NULL,NULL);
INSERT INTO items VALUES(1366,41,'vertical','',0,720,-250,0,1240,0,0,NULL,NULL,NULL,NULL);
INSERT INTO items VALUES(1367,41,'branch','Reinitialise',0,3930,-200,70,30,60,0,NULL,NULL,NULL,NULL);
INSERT INTO items VALUES(1368,41,'address','End',0,3930,940,70,30,60,0,NULL,NULL,NULL,NULL);
INSERT INTO items VALUES(1369,41,'branch','branch 4',0,2590,-200,220,30,60,0,NULL,NULL,NULL,NULL);
INSERT INTO items VALUES(1370,41,'address','Ok',0,2590,940,220,30,60,0,NULL,NULL,NULL,NULL);
INSERT INTO items VALUES(1371,41,'branch','branch 3',0,1820,-200,170,30,60,0,NULL,NULL,NULL,NULL);
INSERT INTO items VALUES(1372,41,'address','branch 4',0,1820,940,170,30,60,0,NULL,NULL,NULL,NULL);
INSERT INTO items VALUES(1373,41,'branch','branch 2',0,720,-200,160,30,60,0,NULL,NULL,NULL,NULL);
INSERT INTO items VALUES(1374,41,'address','branch 3',0,720,940,160,30,60,0,NULL,NULL,NULL,NULL);
INSERT INTO items VALUES(1375,41,'if','g_Ctd.Event.Table[E_LANGUAGE_SELECTION]',0,110,-130,190,20,40,0,NULL,'',NULL,'');
INSERT INTO items VALUES(1376,41,'vertical','',0,340,-130,0,180,0,0,NULL,'',NULL,'');
INSERT INTO items VALUES(1377,41,'horizontal','',0,110,50,230,0,0,0,NULL,'',NULL,'');
INSERT INTO items VALUES(1378,41,'insertion',replace('result =\nProcess_Language_Selection();','\n',char(10)),0,340,-70,130,30,60,0,NULL,'',NULL,'');
INSERT INTO items VALUES(1379,41,'if','PR_OK == result',0,340,0,130,20,20,1,NULL,'',NULL,'');
INSERT INTO items VALUES(1380,41,'if','g_Ctd.Event.Table[E_CHOICE_OF_APPLICATION]',0,110,90,190,20,30,0,NULL,'',NULL,'');
INSERT INTO items VALUES(1381,41,'vertical','',0,330,90,0,160,0,0,NULL,'',NULL,'');
INSERT INTO items VALUES(1382,41,'horizontal','',0,110,250,220,0,0,0,NULL,'',NULL,'');
INSERT INTO items VALUES(1383,41,'insertion',replace('result =\nProcess_Choice_of_Application();','\n',char(10)),0,330,150,140,30,60,0,NULL,'',NULL,'');
INSERT INTO items VALUES(1384,41,'if','PR_OK == result',0,330,210,140,20,20,1,NULL,'',NULL,'');
INSERT INTO items VALUES(1385,41,'vertical','',0,490,0,0,990,0,0,NULL,NULL,NULL,NULL);
INSERT INTO items VALUES(1386,41,'address','Nok',0,490,940,50,30,60,0,NULL,NULL,NULL,NULL);
INSERT INTO items VALUES(1387,41,'if','g_Ctd.Event.Table[E_SERVICE_SELECTION]',0,110,290,190,20,40,0,NULL,'',NULL,'');
INSERT INTO items VALUES(1388,41,'vertical','',0,340,290,0,180,0,0,NULL,'',NULL,'');
INSERT INTO items VALUES(1389,41,'horizontal','',0,110,470,230,0,0,0,NULL,'',NULL,'');
INSERT INTO items VALUES(1390,41,'insertion',replace('result =\nProcess_Service_Selection();','\n',char(10)),0,340,350,130,30,60,0,NULL,'',NULL,'');
INSERT INTO items VALUES(1391,41,'if','PR_OK == result',0,340,420,130,20,20,1,NULL,'',NULL,'');
INSERT INTO items VALUES(1392,41,'if','g_Ctd.Event.Table[E_ACQUIRER_PRESELECTION]',0,110,510,190,20,30,0,NULL,'',NULL,'');
INSERT INTO items VALUES(1393,41,'vertical','',0,330,510,0,160,0,0,NULL,'',NULL,'');
INSERT INTO items VALUES(1394,41,'horizontal','',0,110,670,220,0,0,0,NULL,'',NULL,'');
INSERT INTO items VALUES(1395,41,'insertion','Process_Acquirer_Preselection();',0,330,570,140,20,60,0,NULL,'',NULL,'');
INSERT INTO items VALUES(1396,41,'if','PR_OK == result',0,330,630,140,20,20,1,NULL,'',NULL,'');
INSERT INTO items VALUES(1401,41,'if','g_Ctd.Event.Table[E_AMOUNT_ENTRY]',0,720,370,160,20,40,0,NULL,'',NULL,'');
INSERT INTO items VALUES(1402,41,'vertical','',0,920,370,0,390,0,0,NULL,'',NULL,'');
INSERT INTO items VALUES(1403,41,'action',replace('result =\nProcess_Amount_Entry();','\n',char(10)),0,920,430,140,30,0,0,NULL,'',NULL,'');
INSERT INTO items VALUES(1404,41,'if','PR_DONE == result',0,920,500,140,20,350,1,NULL,'',NULL,'');
INSERT INTO items VALUES(1405,41,'vertical','',0,1410,500,0,490,0,0,NULL,'',NULL,'');
INSERT INTO items VALUES(1406,41,'output',replace('result =\nOutputAmountError();','\n',char(10)),0,1410,640,100,50,40,0,NULL,'',NULL,'SCAP');
INSERT INTO items VALUES(1407,41,'if','PR_DONE == result',0,1410,720,100,20,70,1,NULL,'',NULL,'');
INSERT INTO items VALUES(1408,41,'if','g_Ctd.TransactionAmount.i == 0',0,920,560,140,20,30,1,NULL,'',NULL,'');
INSERT INTO items VALUES(1409,41,'vertical','',0,1090,560,0,200,0,0,NULL,'',NULL,'');
INSERT INTO items VALUES(1410,41,'output',replace('result =\nOutputTransactionAmount();','\n',char(10)),0,1090,640,130,50,40,0,NULL,'',NULL,'SCAP');
INSERT INTO items VALUES(1411,41,'if','PR_DONE == result',0,1090,720,130,20,20,1,NULL,'',NULL,'');
INSERT INTO items VALUES(1412,41,'vertical','',0,1240,720,0,270,0,0,NULL,'',NULL,'');
INSERT INTO items VALUES(1413,41,'horizontal','',0,720,760,370,0,0,0,NULL,'',NULL,'');
INSERT INTO items VALUES(1414,41,'address','Nok',0,1240,940,50,30,60,0,NULL,'',NULL,'');
INSERT INTO items VALUES(1415,41,'address','Reinitialise',0,1410,940,100,30,60,0,NULL,'',NULL,'');
INSERT INTO items VALUES(1417,41,'vertical','',0,1580,720,0,270,0,0,NULL,NULL,NULL,NULL);
INSERT INTO items VALUES(1419,41,'address','Nok',0,1580,940,50,30,60,0,NULL,NULL,NULL,NULL);
INSERT INTO items VALUES(1425,41,'if','g_Ctd.Event.Table[E_CARD_INSERTED]',0,1820,-110,170,20,100,0,NULL,'',NULL,'');
INSERT INTO items VALUES(1426,41,'vertical','',0,2090,-110,0,160,0,0,NULL,'',NULL,'');
INSERT INTO items VALUES(1427,41,'horizontal','',0,1820,50,270,0,0,0,NULL,'',NULL,'');
INSERT INTO items VALUES(1428,41,'insertion',replace('result =\nProcess_Card_Inserted();','\n',char(10)),0,2090,-50,110,30,60,0,NULL,'',NULL,'');
INSERT INTO items VALUES(1429,41,'if','PR_DONE == result',0,2090,10,110,20,80,1,NULL,'',NULL,'');
INSERT INTO items VALUES(1430,41,'vertical','',0,2280,10,0,980,0,0,NULL,'',NULL,'');
INSERT INTO items VALUES(1431,41,'address','Reinitialise',0,2280,940,60,30,60,0,NULL,NULL,NULL,NULL);
INSERT INTO items VALUES(1432,41,'if','g_Ctd.Event.Table[E_CARD_SWIPED]',0,1820,90,170,20,60,0,NULL,'',NULL,'');
INSERT INTO items VALUES(1433,41,'vertical','',0,2050,90,0,170,0,0,NULL,'',NULL,'');
INSERT INTO items VALUES(1434,41,'horizontal','',0,1820,260,230,0,0,0,NULL,'',NULL,'');
INSERT INTO items VALUES(1435,41,'insertion',replace('result =\nProcess_Card_Swiped();','\n',char(10)),0,2050,160,100,30,60,0,NULL,'',NULL,'');
INSERT INTO items VALUES(1436,41,'if','PR_DONE == result',0,2050,220,100,20,130,1,NULL,'',NULL,'');
INSERT INTO items VALUES(1437,41,'if','g_Ctd.Event.Table[E_MANUAL_ENTRY]',0,1820,300,170,20,100,0,NULL,'',NULL,'');
INSERT INTO items VALUES(1438,41,'vertical','',0,2090,300,0,160,0,0,NULL,'',NULL,'');
INSERT INTO items VALUES(1439,41,'horizontal','',0,1820,460,270,0,0,0,NULL,'',NULL,'');
INSERT INTO items VALUES(1440,41,'insertion',replace('result =\nProcess_Manual_Entry();','\n',char(10)),0,2090,360,110,30,60,0,NULL,'',NULL,'');
INSERT INTO items VALUES(1441,41,'if','PR_DONE == result',0,2090,420,110,20,80,1,NULL,'',NULL,'');
INSERT INTO items VALUES(1442,41,'if','g_Ctd.Event.Table[E_REFERENCE_ENTRY]',0,1820,500,170,20,20,0,NULL,'',NULL,'');
INSERT INTO items VALUES(1443,41,'vertical','',0,2010,500,0,240,0,0,NULL,'',NULL,'');
INSERT INTO items VALUES(1444,41,'horizontal','',0,1820,740,190,0,0,0,NULL,'',NULL,'');
INSERT INTO items VALUES(1445,41,'insertion',replace('result =\nProcess_Reference_Entry();','\n',char(10)),0,2010,570,120,30,60,0,NULL,'',NULL,'');
INSERT INTO items VALUES(1446,41,'if','g_Ctd.Event.Table[E_ACCEPT]',0,1820,780,170,20,20,0,NULL,'',NULL,'');
INSERT INTO items VALUES(1447,41,'vertical','',0,2010,780,0,100,0,0,NULL,'',NULL,'');
INSERT INTO items VALUES(1448,41,'horizontal','',0,1820,880,190,0,0,0,NULL,'',NULL,'');
INSERT INTO items VALUES(1449,41,'insertion','Process_Accept();',0,2010,840,120,20,60,0,NULL,'',NULL,'');
INSERT INTO items VALUES(1450,41,'if','g_Ctd.Event.Table[E_ATTENDANT_FORCED_ONLINE]',0,2590,60,220,20,50,0,NULL,'',NULL,'');
INSERT INTO items VALUES(1451,41,'vertical','',0,2860,60,0,160,0,0,NULL,'',NULL,'');
INSERT INTO items VALUES(1452,41,'horizontal','',0,2590,220,270,0,0,0,NULL,'',NULL,'');
INSERT INTO items VALUES(1453,41,'shelf','true',0,2860,150,140,50,60,0,NULL,'',NULL,replace('g_Ctd.\nAttendantForcedTransactionOnline','\n',char(10)));
INSERT INTO items VALUES(1454,41,'if','g_Ctd.Event.Table[E_ADDITIONAL_TRANSACTION_DATA]',0,2590,260,220,20,50,0,NULL,'',NULL,'');
INSERT INTO items VALUES(1455,41,'vertical','',0,2860,260,0,100,0,0,NULL,'',NULL,'');
INSERT INTO items VALUES(1456,41,'horizontal','',0,2590,360,270,0,0,0,NULL,'',NULL,'');
INSERT INTO items VALUES(1457,41,'insertion','Process_AdditionalTrxData();',0,2860,320,140,20,60,0,NULL,'',NULL,'');
INSERT INTO items VALUES(1458,41,'if','g_Ctd.Event.Table[E_CARD_REMOVAL]',0,2590,430,220,20,130,0,NULL,'',NULL,'');
INSERT INTO items VALUES(1459,41,'vertical','',0,2940,430,0,560,0,0,NULL,'',NULL,'');
INSERT INTO items VALUES(1460,41,'shelf','0',0,2940,520,110,50,60,0,NULL,'',NULL,replace('g_Nexo.ServiceStartEvents\n[g_Ctd.SelectedService]\n.cardInserted','\n',char(10)));
INSERT INTO items VALUES(1461,41,'if','g_Ctd.Event.Table[E_CANCEL]',0,2590,710,220,20,130,0,NULL,'',NULL,'');
INSERT INTO items VALUES(1462,41,'address','Reinitialise',0,2940,940,110,30,60,0,NULL,NULL,NULL,NULL);
INSERT INTO items VALUES(1463,41,'shelf','PR_REINITIALISE',0,3930,-10,70,40,40,0,NULL,'',NULL,'result');
INSERT INTO items VALUES(1464,41,'shelf','PR_REINITIALISE',0,4090,-10,70,40,40,0,NULL,'',NULL,'result');
INSERT INTO items VALUES(1465,41,'if','g_Ctd.Event.Table[E_CARDHOLDER_DETECTION]',0,110,710,190,20,40,0,NULL,'',NULL,'');
INSERT INTO items VALUES(1466,41,'vertical','',0,340,710,0,180,0,0,NULL,'',NULL,'');
INSERT INTO items VALUES(1467,41,'horizontal','',0,110,890,230,0,0,0,NULL,'',NULL,'');
INSERT INTO items VALUES(1468,41,'commentin',replace('Cardholder detection is\nout of scope of NEXO-fast','\n',char(10)),0,340,780,130,30,60,0,NULL,'',NULL,'');
INSERT INTO items VALUES(1469,41,'if','PR_OK == result',0,340,850,130,20,20,1,NULL,'',NULL,'');
INSERT INTO items VALUES(1470,42,'beginend','Process_Language_Selection',0,170,60,120,20,60,0,NULL,'',NULL,'');
INSERT INTO items VALUES(1471,42,'beginend','End',0,170,390,50,20,60,0,NULL,'',NULL,'');
INSERT INTO items VALUES(1472,42,'vertical','',0,170,80,0,290,0,0,NULL,'',NULL,'');
INSERT INTO items VALUES(1473,43,'beginend','Process_Service_Selection',0,200,-30,110,20,60,0,NULL,'',NULL,'');
INSERT INTO items VALUES(1474,43,'beginend','End',0,200,830,50,20,60,0,NULL,'',NULL,'');
INSERT INTO items VALUES(1475,43,'vertical','',0,200,-30,0,860,0,0,NULL,'',NULL,'');
INSERT INTO items VALUES(1476,44,'beginend','Process_Choice_of_Application',0,170,60,130,20,60,0,NULL,'',NULL,'');
INSERT INTO items VALUES(1477,44,'beginend','End',0,170,390,50,20,60,0,NULL,'',NULL,'');
INSERT INTO items VALUES(1478,44,'vertical','',0,170,80,0,290,0,0,NULL,'',NULL,'');
INSERT INTO items VALUES(1481,45,'beginend','Process_Acquirer_Preselection',0,170,60,130,20,60,0,NULL,'',NULL,'');
INSERT INTO items VALUES(1482,45,'beginend','End',0,170,390,50,20,60,0,NULL,'',NULL,'');
INSERT INTO items VALUES(1483,45,'vertical','',0,170,80,0,290,0,0,NULL,'',NULL,'');
INSERT INTO items VALUES(1484,46,'beginend','Process_Amount_Entry',0,170,60,90,20,60,0,NULL,'',NULL,'');
INSERT INTO items VALUES(1485,46,'beginend','End',0,170,390,50,20,60,0,NULL,'',NULL,'');
INSERT INTO items VALUES(1486,46,'vertical','',0,170,80,0,290,0,0,NULL,'',NULL,'');
INSERT INTO items VALUES(1487,47,'beginend','Process_Card_Inserted',0,170,60,100,20,60,0,NULL,'',NULL,'');
INSERT INTO items VALUES(1488,47,'beginend','End',0,170,390,50,20,60,0,NULL,'',NULL,'');
INSERT INTO items VALUES(1489,47,'vertical','',0,170,80,0,290,0,0,NULL,'',NULL,'');
INSERT INTO items VALUES(1490,48,'beginend','Process_Card_Swiped',0,170,60,90,20,60,0,NULL,'',NULL,'');
INSERT INTO items VALUES(1491,48,'beginend','End',0,170,390,50,20,60,0,NULL,'',NULL,'');
INSERT INTO items VALUES(1492,48,'vertical','',0,170,80,0,290,0,0,NULL,'',NULL,'');
INSERT INTO items VALUES(1493,49,'beginend','Process_Manual_Entry',0,170,60,90,20,60,0,NULL,'',NULL,'');
INSERT INTO items VALUES(1494,49,'beginend','End',0,170,390,50,20,60,0,NULL,'',NULL,'');
INSERT INTO items VALUES(1495,49,'vertical','',0,170,80,0,290,0,0,NULL,'',NULL,'');
INSERT INTO items VALUES(1499,51,'beginend','Process_Accept',0,170,60,100,20,60,0,NULL,'',NULL,'');
INSERT INTO items VALUES(1500,51,'beginend','End',0,170,390,60,20,60,0,NULL,'',NULL,'');
INSERT INTO items VALUES(1501,51,'vertical','',0,170,80,0,290,0,0,NULL,'',NULL,'');
INSERT INTO items VALUES(1502,52,'beginend','Process_AdditionalTrxData',0,170,60,100,20,60,0,NULL,'',NULL,'');
INSERT INTO items VALUES(1503,52,'beginend','End',0,170,390,60,20,60,0,NULL,'',NULL,'');
INSERT INTO items VALUES(1504,52,'vertical','',0,170,80,0,290,0,0,NULL,'',NULL,'');
INSERT INTO items VALUES(1505,36,'insertion',replace('result =\nFinancial_Application_Startup();','\n',char(10)),0,430,470,140,30,60,0,NULL,NULL,NULL,NULL);
INSERT INTO items VALUES(1506,53,'beginend','Financial_Application_Startup',0,170,60,130,20,60,0,NULL,NULL,NULL,NULL);
INSERT INTO items VALUES(1507,53,'beginend','End',0,170,390,50,20,60,0,NULL,NULL,NULL,NULL);
INSERT INTO items VALUES(1508,53,'vertical',NULL,0,170,80,0,290,0,0,NULL,NULL,NULL,NULL);
INSERT INTO items VALUES(1509,53,'commentin',replace('Proper Financial Application checks\nshall be perfromed here\n+ external activation','\n',char(10)),0,170,180,158,30,60,0,NULL,NULL,NULL,NULL);
INSERT INTO items VALUES(1510,39,'if',replace('g_Ctd.SelectedService\n==\nS_CARDHOLDER_DETECTION','\n',char(10)),0,30,280,130,30,210,1,NULL,NULL,NULL,NULL);
INSERT INTO items VALUES(1511,39,'vertical','',0,370,280,0,520,0,0,NULL,NULL,NULL,NULL);
INSERT INTO items VALUES(1513,39,'shelf','g_Nexo.DefaultService',0,700,350,210,40,40,0,NULL,NULL,NULL,'g_Ctd.SelectedService');
INSERT INTO items VALUES(1514,39,'shelf','g_Nexo.CardholderDefaultLanguage',0,700,450,210,40,40,0,NULL,NULL,NULL,'g_Ctd.SelectedLanguage');
INSERT INTO items VALUES(1515,39,'insertion','Initialise_Basic_Data();',0,700,530,210,20,60,0,NULL,NULL,NULL,NULL);
INSERT INTO items VALUES(1516,54,'beginend','Initialise_Transaction_Database',0,170,60,140,20,60,0,NULL,'',NULL,'');
INSERT INTO items VALUES(1517,54,'beginend','End',0,660,510,50,20,60,0,NULL,'',NULL,'');
INSERT INTO items VALUES(1518,54,'vertical','',0,170,80,0,520,0,0,NULL,'',NULL,'');
INSERT INTO items VALUES(1519,54,'vertical','',0,420,120,0,480,0,0,NULL,'',NULL,'');
INSERT INTO items VALUES(1520,54,'vertical','',0,660,120,0,380,0,0,NULL,'',NULL,'');
INSERT INTO items VALUES(1521,54,'horizontal','',0,170,120,490,0,0,0,NULL,'',NULL,'');
INSERT INTO items VALUES(1522,54,'arrow','',0,20,120,150,480,400,1,NULL,'',NULL,'');
INSERT INTO items VALUES(1523,54,'branch','branch 1',0,170,170,50,30,60,0,NULL,'',NULL,'');
INSERT INTO items VALUES(1524,54,'address','branch 2',0,170,550,50,30,60,0,NULL,'',NULL,'');
INSERT INTO items VALUES(1525,54,'branch','branch 2',0,420,170,50,30,60,0,NULL,'',NULL,'');
INSERT INTO items VALUES(1526,54,'branch','branch 3',0,660,170,50,30,60,0,NULL,'',NULL,'');
INSERT INTO items VALUES(1527,54,'address','branch 3',0,420,550,50,30,60,0,NULL,'',NULL,'');
INSERT INTO items VALUES(1528,39,'address',replace('Payment Service\ninitialisation','\n',char(10)),0,370,740,70,40,60,0,NULL,NULL,NULL,NULL);
INSERT INTO items VALUES(1529,39,'shelf','S_NONE',0,30,370,130,40,40,0,NULL,NULL,NULL,'g_Ctd.SelectedService');
INSERT INTO items VALUES(1530,39,'output','DeactivateAllInterfaces();',0,30,470,130,40,40,0,NULL,NULL,NULL,'SCAP');
INSERT INTO items VALUES(1531,39,'output',replace('result =\nOutput(0x1E);','\n',char(10)),0,30,580,130,50,40,0,NULL,NULL,NULL,'SCAP');
INSERT INTO items VALUES(1532,39,'if','PR_DONE == result',0,30,660,130,20,70,1,NULL,NULL,NULL,NULL);
INSERT INTO items VALUES(1533,39,'vertical','',0,230,660,0,140,0,0,NULL,NULL,NULL,NULL);
INSERT INTO items VALUES(1534,39,'address','Nok',0,230,750,50,30,60,0,NULL,NULL,NULL,NULL);
INSERT INTO items VALUES(1535,39,'vertical','',0,1100,50,0,750,0,0,NULL,NULL,NULL,NULL);
INSERT INTO items VALUES(1536,39,'branch','Nok',0,1100,100,50,30,60,0,NULL,NULL,NULL,NULL);
INSERT INTO items VALUES(1537,39,'address','Return',0,1100,750,50,30,60,0,NULL,NULL,NULL,NULL);
INSERT INTO items VALUES(1538,39,'shelf','PR_NOK',0,1100,250,50,40,40,0,NULL,NULL,NULL,'result');
INSERT INTO items VALUES(1540,39,'vertical','',0,980,210,0,590,0,0,NULL,NULL,NULL,NULL);
INSERT INTO items VALUES(1542,39,'if','g_Nexo.DefaultService == S_NONE',0,700,210,210,20,70,0,NULL,NULL,NULL,NULL);
INSERT INTO items VALUES(1543,39,'if','g_Nexo.DefaultService == S_CARDHOLDER_DETECTION',0,700,270,210,20,70,0,NULL,NULL,NULL,NULL);
INSERT INTO items VALUES(1544,39,'address','Nok',0,980,750,50,30,60,0,NULL,NULL,NULL,NULL);
INSERT INTO items VALUES(1545,39,'insertion',replace('result =\nService_Initialisation();','\n',char(10)),0,700,600,210,30,60,0,NULL,NULL,NULL,NULL);
INSERT INTO items VALUES(1546,39,'if','PR_OK == result',0,700,680,210,20,70,1,NULL,NULL,NULL,NULL);
INSERT INTO items VALUES(1547,55,'beginend','Service_Initialisation',0,-300,40,100,20,60,0,NULL,NULL,NULL,NULL);
INSERT INTO items VALUES(1548,55,'beginend','End',0,1940,370,50,20,60,0,NULL,NULL,NULL,NULL);
INSERT INTO items VALUES(1549,55,'vertical','',0,50,80,0,650,0,0,NULL,NULL,NULL,NULL);
INSERT INTO items VALUES(1550,55,'vertical','',0,1680,80,0,650,0,0,NULL,NULL,NULL,NULL);
INSERT INTO items VALUES(1551,55,'vertical','',0,1940,80,0,280,0,0,NULL,NULL,NULL,NULL);
INSERT INTO items VALUES(1552,55,'horizontal','',0,-300,80,2240,0,0,0,NULL,NULL,NULL,NULL);
INSERT INTO items VALUES(1553,55,'arrow','',0,-480,80,180,650,2280,1,NULL,NULL,NULL,NULL);
INSERT INTO items VALUES(1554,55,'branch','Start',0,50,130,150,30,60,0,NULL,NULL,NULL,NULL);
INSERT INTO items VALUES(1555,55,'address','Ok',0,50,680,150,30,60,0,NULL,NULL,NULL,NULL);
INSERT INTO items VALUES(1556,55,'branch','(A) Nok',0,1680,130,50,30,60,0,NULL,NULL,NULL,NULL);
INSERT INTO items VALUES(1557,55,'branch','Return',0,1940,130,70,30,60,0,NULL,NULL,NULL,NULL);
INSERT INTO items VALUES(1558,55,'address','Return',0,1680,680,50,30,60,0,NULL,NULL,NULL,NULL);
INSERT INTO items VALUES(1559,56,'beginend','Initialise_Basic_Data',0,170,60,100,20,60,0,NULL,NULL,NULL,NULL);
INSERT INTO items VALUES(1560,56,'beginend','End',0,170,390,60,20,60,0,NULL,NULL,NULL,NULL);
INSERT INTO items VALUES(1561,56,'vertical',NULL,0,170,80,0,290,0,0,NULL,NULL,NULL,NULL);
INSERT INTO items VALUES(1562,55,'insertion','Initialise_Transaction_Database();',0,50,250,150,20,60,0,NULL,NULL,NULL,NULL);
INSERT INTO items VALUES(1563,55,'if','g_Ctd.SelectedService == S_NONE',0,50,310,150,20,210,1,NULL,NULL,NULL,NULL);
INSERT INTO items VALUES(1564,55,'output','DeactivateAllInterfaces();',0,50,390,150,40,40,0,NULL,'',NULL,'SCAP');
INSERT INTO items VALUES(1565,55,'output',replace('result =\nOutput(0x1E);','\n',char(10)),0,50,490,150,50,40,0,NULL,'',NULL,'SCAP');
INSERT INTO items VALUES(1566,55,'if','PR_DONE == result',0,50,570,150,20,70,1,NULL,'',NULL,'');
INSERT INTO items VALUES(1567,55,'vertical','',0,270,570,0,160,0,0,NULL,'',NULL,'');
INSERT INTO items VALUES(1568,55,'vertical','',0,650,80,0,650,0,0,NULL,NULL,NULL,NULL);
INSERT INTO items VALUES(1569,55,'vertical','',0,410,310,0,420,0,0,NULL,NULL,NULL,NULL);
INSERT INTO items VALUES(1570,55,'shelf','PR_NOK',0,1680,270,50,40,40,0,NULL,'',NULL,'result');
INSERT INTO items VALUES(1571,55,'address',replace('Protected Service\ninitialisation','\n',char(10)),0,410,670,80,40,60,0,NULL,NULL,NULL,NULL);
INSERT INTO items VALUES(1572,55,'address','(A) Nok',0,270,680,50,30,60,0,NULL,NULL,NULL,NULL);
INSERT INTO items VALUES(1573,55,'branch',replace('Protected Service\ninitialisation','\n',char(10)),0,650,130,140,40,60,0,NULL,NULL,NULL,NULL);
INSERT INTO items VALUES(1574,55,'address','Initialisation',0,650,680,140,30,60,0,NULL,NULL,NULL,NULL);
INSERT INTO items VALUES(1576,55,'if',replace('g_Nexo.ServiceSettings\n[g_Ctd.SelectedService]\n.ServiceProtected','\n',char(10)),0,650,280,140,30,290,1,NULL,NULL,NULL,NULL);
INSERT INTO items VALUES(1577,55,'vertical','',0,1080,280,0,450,0,0,NULL,NULL,NULL,NULL);
INSERT INTO items VALUES(1579,55,'vertical','',0,1330,80,0,650,0,0,NULL,NULL,NULL,NULL);
INSERT INTO items VALUES(1580,55,'branch','Initialisation',0,1330,130,160,30,60,0,NULL,NULL,NULL,NULL);
INSERT INTO items VALUES(1581,55,'address','Ok',0,1330,680,160,30,60,0,NULL,NULL,NULL,NULL);
INSERT INTO items VALUES(1582,55,'address','Initialisation',0,1080,680,70,30,60,0,NULL,NULL,NULL,NULL);
INSERT INTO items VALUES(1583,55,'insertion',replace('result =\nUpdate_Cardholder_Initial_Message();','\n',char(10)),0,1330,300,160,30,60,0,NULL,NULL,NULL,NULL);
INSERT INTO items VALUES(1584,55,'if','PR_OK == result',0,1330,370,160,20,70,1,NULL,NULL,NULL,NULL);
INSERT INTO items VALUES(1585,55,'vertical','',0,1560,370,0,360,0,0,NULL,NULL,NULL,NULL);
INSERT INTO items VALUES(1586,55,'address','(A) Nok',0,1560,680,50,30,60,0,NULL,NULL,NULL,NULL);
INSERT INTO items VALUES(1587,55,'output',replace('result =\nEnable_Allowed_Interfaces();','\n',char(10)),0,1330,470,160,50,40,0,NULL,NULL,NULL,'SCAP');
INSERT INTO items VALUES(1588,55,'vertical','',0,1800,80,0,650,0,0,NULL,NULL,NULL,NULL);
INSERT INTO items VALUES(1589,55,'branch','Ok',0,1800,130,50,30,60,0,NULL,NULL,NULL,NULL);
INSERT INTO items VALUES(1590,55,'address','Return',0,1800,680,50,30,60,0,NULL,NULL,NULL,NULL);
INSERT INTO items VALUES(1591,55,'shelf','PR_OK',0,1800,270,50,40,40,0,NULL,'',NULL,'result');
INSERT INTO items VALUES(1592,55,'if','PR_DONE == result',0,1330,560,160,20,70,1,NULL,NULL,NULL,NULL);
INSERT INTO items VALUES(1593,55,'output',replace('SecurityPermission =\nAuthorise_Service();','\n',char(10)),0,650,390,140,50,40,0,NULL,NULL,NULL,'SCAP');
INSERT INTO items VALUES(1594,55,'if','SecurityPermission',0,650,480,140,20,110,1,NULL,NULL,NULL,NULL);
INSERT INTO items VALUES(1595,55,'shelf','N_NO_PERMISSION',0,900,540,70,40,40,0,NULL,NULL,NULL,'g_Ctd.NokReason');
INSERT INTO items VALUES(1596,55,'vertical','',0,900,480,0,250,0,0,NULL,NULL,NULL,NULL);
INSERT INTO items VALUES(1597,55,'address','(A) Nok',0,900,680,70,30,60,0,NULL,NULL,NULL,NULL);
INSERT INTO items VALUES(1598,55,'commentin',replace('Load selected service settings\nis done by simple table lookup','\n',char(10)),0,650,210,140,30,60,0,NULL,NULL,NULL,NULL);
INSERT INTO items VALUES(1599,43,'insertion',replace('result =\nService_Initialisation();','\n',char(10)),0,200,130,130,30,60,0,NULL,NULL,NULL,NULL);
INSERT INTO items VALUES(1600,43,'if','PR_OK == result',0,200,200,130,20,150,1,NULL,NULL,NULL,NULL);
INSERT INTO items VALUES(1601,43,'vertical','',0,480,200,0,530,0,0,NULL,NULL,NULL,NULL);
INSERT INTO items VALUES(1602,43,'horizontal','',0,200,730,280,0,0,0,NULL,NULL,NULL,NULL);
INSERT INTO items VALUES(1603,43,'shelf','true',0,480,270,130,40,40,0,NULL,NULL,NULL,'g_Ctd.TerminalErrorIndicator');
INSERT INTO items VALUES(1604,43,'shelf','PR_NOK',0,480,670,130,40,40,0,NULL,NULL,NULL,'result');
INSERT INTO items VALUES(1605,43,'shelf','N_TECHNICAL_ERROR',0,480,370,130,40,40,0,NULL,NULL,NULL,'g_Ctd.NokReason');
INSERT INTO items VALUES(1606,43,'if',replace('g_Ctd.TerminalErrorReason\n==\nTE_NONE','\n',char(10)),0,480,460,130,30,40,0,NULL,NULL,NULL,NULL);
INSERT INTO items VALUES(1607,43,'vertical','',0,650,460,0,150,0,0,NULL,NULL,NULL,NULL);
INSERT INTO items VALUES(1608,43,'horizontal','',0,480,610,170,0,0,0,NULL,NULL,NULL,NULL);
INSERT INTO items VALUES(1609,43,'shelf','TE_UNSPECIFIED',0,650,550,110,40,40,0,NULL,NULL,NULL,'g_Ctd.TerminalErrorReason');
INSERT INTO items VALUES(1633,57,'beginend','Process_Reference_Entry',0,-1060,-40,110,20,60,0,NULL,NULL,NULL,NULL);
INSERT INTO items VALUES(1634,57,'beginend','End',0,1090,360,50,20,60,0,NULL,NULL,NULL,NULL);
INSERT INTO items VALUES(1635,57,'vertical','',0,-750,0,0,860,0,0,NULL,NULL,NULL,NULL);
INSERT INTO items VALUES(1636,57,'vertical','',0,950,0,0,860,0,0,NULL,NULL,NULL,NULL);
INSERT INTO items VALUES(1637,57,'vertical','',0,1090,0,0,350,0,0,NULL,NULL,NULL,NULL);
INSERT INTO items VALUES(1638,57,'horizontal','',0,-1060,0,2150,0,0,0,NULL,NULL,NULL,NULL);
INSERT INTO items VALUES(1639,57,'arrow','',0,-1210,0,150,860,2160,1,NULL,NULL,NULL,NULL);
INSERT INTO items VALUES(1640,57,'branch','Start',0,-750,50,130,30,60,0,NULL,NULL,NULL,NULL);
INSERT INTO items VALUES(1641,57,'address','Done',0,-750,810,130,30,60,0,NULL,NULL,NULL,NULL);
INSERT INTO items VALUES(1642,57,'branch','Nok',0,950,50,50,30,60,0,NULL,NULL,NULL,NULL);
INSERT INTO items VALUES(1643,57,'branch','Return',0,1090,50,70,30,60,0,NULL,NULL,NULL,NULL);
INSERT INTO items VALUES(1644,57,'address','Return',0,950,810,50,30,60,0,NULL,NULL,NULL,NULL);
INSERT INTO items VALUES(1650,57,'select','g_Ctd.SelectedService',0,-750,120,130,20,60,0,NULL,'',NULL,'');
INSERT INTO items VALUES(1651,57,'horizontal','',0,-750,160,1300,0,0,0,NULL,'',NULL,'');
INSERT INTO items VALUES(1652,57,'case','S_DEFFERED_PAYMENT_COMPLETION',0,-750,200,130,20,60,0,NULL,'',NULL,'');
INSERT INTO items VALUES(1653,57,'case','S_CANCELLATION',0,-530,200,70,20,60,0,NULL,'',NULL,'');
INSERT INTO items VALUES(1654,57,'case','S_UPDATE_PRE_AUTH',0,-360,200,80,20,60,0,NULL,'',NULL,'');
INSERT INTO items VALUES(1655,57,'vertical','',0,-530,160,0,80,0,0,NULL,'',NULL,'');
INSERT INTO items VALUES(1656,57,'vertical','',0,-360,160,0,80,0,0,NULL,'',NULL,'');
INSERT INTO items VALUES(1657,57,'case','S_PAYMENT_COMPLETION',0,-170,200,90,20,60,0,NULL,'',NULL,'');
INSERT INTO items VALUES(1658,57,'case','S_NO_SHOW',0,-10,200,50,20,60,0,NULL,'',NULL,'');
INSERT INTO items VALUES(1659,57,'case','S_VOICE_AUTHORISATION',0,160,200,100,20,60,0,NULL,'',NULL,'');
INSERT INTO items VALUES(1660,57,'vertical','',0,-10,160,0,80,0,0,NULL,'',NULL,'');
INSERT INTO items VALUES(1661,57,'vertical','',0,160,160,0,80,0,0,NULL,'',NULL,'');
INSERT INTO items VALUES(1662,57,'case','S_CARDHOLDER_DETECTION',0,380,200,100,20,60,0,NULL,'',NULL,'');
INSERT INTO items VALUES(1663,57,'case','',0,550,200,50,20,60,0,NULL,'',NULL,'');
INSERT INTO items VALUES(1664,57,'vertical','',0,550,160,0,700,0,0,NULL,'',NULL,'');
INSERT INTO items VALUES(1665,57,'vertical','',0,-170,160,0,80,0,0,NULL,'',NULL,'');
INSERT INTO items VALUES(1666,57,'vertical','',0,380,160,0,80,0,0,NULL,'',NULL,'');
INSERT INTO items VALUES(1667,57,'horizontal','',0,-750,240,1130,0,0,0,NULL,'',NULL,'');
INSERT INTO items VALUES(1668,57,'shelf','PR_NOK',0,950,200,50,40,40,0,NULL,NULL,NULL,'result');
INSERT INTO items VALUES(1669,57,'address','Nok',0,550,810,50,30,60,0,NULL,NULL,NULL,NULL);
INSERT INTO items VALUES(1670,57,'if',replace('g_Nexo.ServiceStartEvents\n[g_Ctd.SelectedService]\n.cardInserted','\n',char(10)),0,-750,290,130,30,200,0,NULL,NULL,NULL,NULL);
INSERT INTO items VALUES(1671,57,'vertical','',0,-420,290,0,570,0,0,NULL,NULL,NULL,NULL);
INSERT INTO items VALUES(1672,57,'address','Reinitialise',0,-420,810,60,30,60,0,NULL,NULL,NULL,NULL);
INSERT INTO items VALUES(1673,57,'vertical','',0,810,0,0,860,0,0,NULL,NULL,NULL,NULL);
INSERT INTO items VALUES(1674,57,'branch','Reinitialise',0,810,50,70,30,60,0,NULL,NULL,NULL,NULL);
INSERT INTO items VALUES(1675,57,'address','Return',0,810,810,70,30,60,0,NULL,NULL,NULL,NULL);
INSERT INTO items VALUES(1676,57,'shelf','PR_REINITIALISE',0,810,200,70,40,40,0,NULL,'',NULL,'result');
INSERT INTO items VALUES(1677,57,'if',replace('g_Nexo.ServiceStartEvents\n[g_Ctd.SelectedService]\n.cardSwiped','\n',char(10)),0,-750,370,130,30,200,0,NULL,'',NULL,'');
INSERT INTO items VALUES(1678,57,'if',replace('g_Nexo.ServiceStartEvents\n[g_Ctd.SelectedService]\n.manualEntry','\n',char(10)),0,-750,450,130,30,200,0,NULL,'',NULL,'');
INSERT INTO items VALUES(1679,57,'if',replace('g_Nexo.ServiceStartEvents\n[g_Ctd.SelectedService]\n.accept','\n',char(10)),0,-750,530,130,30,200,0,NULL,'',NULL,'');
INSERT INTO items VALUES(1680,57,'shelf','1',0,-750,710,130,50,60,0,NULL,NULL,NULL,replace('g_Nexo.ServiceStartEvents\n[g_Ctd.SelectedService]\n.referenceEntry','\n',char(10)));
INSERT INTO items VALUES(1681,57,'commentin',replace('For storing reference data\nin g_Ctd.ReferenceData\nis responsible SCAP','\n',char(10)),0,-750,610,130,30,60,0,NULL,NULL,NULL,NULL);
INSERT INTO items VALUES(1682,57,'vertical','',0,670,0,0,860,0,0,NULL,'',NULL,'');
INSERT INTO items VALUES(1683,57,'branch','Done',0,670,50,50,30,60,0,NULL,'',NULL,'');
INSERT INTO items VALUES(1684,57,'address','Return',0,670,810,50,30,60,0,NULL,'',NULL,'');
INSERT INTO items VALUES(1685,57,'shelf','PR_DONE',0,670,200,50,40,40,0,NULL,'',NULL,'result');
INSERT INTO items VALUES(1686,41,'if','PR_REINITIALISE == result',0,2010,640,120,20,150,0,NULL,'',NULL,'');
INSERT INTO items VALUES(1687,41,'if','PR_DONE == result',0,2010,700,120,20,20,1,NULL,'',NULL,'');
INSERT INTO items VALUES(1688,41,'vertical','',0,2150,700,0,290,0,0,NULL,NULL,NULL,NULL);
INSERT INTO items VALUES(1689,41,'address','Nok',0,2150,940,50,30,60,0,NULL,NULL,NULL,NULL);
INSERT INTO items VALUES(1691,41,'commentin',replace('Clearing of event table\nis not descibed in the\nspec','\n',char(10)),0,4300,-110,120,30,60,0,NULL,NULL,NULL,NULL);
INSERT INTO items VALUES(1693,41,'vertical','',0,3790,-250,0,1240,0,0,NULL,'',NULL,'');
INSERT INTO items VALUES(1694,41,'branch','Ok',0,3790,-200,50,30,60,0,NULL,'',NULL,'');
INSERT INTO items VALUES(1695,41,'shelf','PR_OK',0,3790,-10,50,40,40,0,NULL,'',NULL,'result');
INSERT INTO items VALUES(1696,41,'address','End',0,3790,940,50,30,60,0,NULL,NULL,NULL,NULL);
INSERT INTO items VALUES(1697,38,'commentin',replace('Initilasise some (sic)\ntransaction data elements','\n',char(10)),0,90,90,140,30,60,0,NULL,NULL,NULL,NULL);
INSERT INTO items VALUES(1698,38,'select','g_Ctd.SelectedService',0,90,160,140,20,60,0,NULL,NULL,NULL,NULL);
INSERT INTO items VALUES(1699,38,'horizontal','',0,90,200,630,0,0,0,NULL,NULL,NULL,NULL);
INSERT INTO items VALUES(1700,38,'case','S_UPDATE_PRE_AUTH',0,90,240,140,20,60,0,NULL,NULL,NULL,NULL);
INSERT INTO items VALUES(1701,38,'case','S_CARD_VALIDITY_CHECK',0,370,240,100,20,60,0,NULL,NULL,NULL,NULL);
INSERT INTO items VALUES(1702,38,'case','',0,720,240,110,20,60,0,NULL,NULL,NULL,NULL);
INSERT INTO items VALUES(1703,38,'vertical','',0,370,200,0,160,0,0,NULL,NULL,NULL,NULL);
INSERT INTO items VALUES(1704,38,'vertical','',0,720,200,0,420,0,0,NULL,NULL,NULL,NULL);
INSERT INTO items VALUES(1706,38,'shelf','N_NOT_IMPLEMENTED',0,720,460,110,40,40,0,NULL,NULL,NULL,'g_Ctd.NokReason');
INSERT INTO items VALUES(1707,38,'vertical','',0,970,-40,0,760,0,0,NULL,'',NULL,'');
INSERT INTO items VALUES(1708,38,'branch','Ok',0,970,10,50,30,60,0,NULL,'',NULL,'');
INSERT INTO items VALUES(1709,38,'address','Return',0,970,670,50,30,60,0,NULL,'',NULL,'');
INSERT INTO items VALUES(1710,38,'address','Bail',0,480,670,110,30,60,0,NULL,NULL,NULL,NULL);
INSERT INTO items VALUES(1711,38,'shelf','PR_NOK',0,1090,320,50,40,40,0,NULL,NULL,NULL,'result');
INSERT INTO items VALUES(1712,38,'insertion',replace('result =\nCard_Validity_Check();','\n',char(10)),0,370,310,100,30,60,0,NULL,NULL,NULL,NULL);
INSERT INTO items VALUES(1713,38,'insertion',replace('result =\nUpdate_Pre_Authorisation();','\n',char(10)),1,90,310,140,30,60,0,NULL,NULL,NULL,NULL);
INSERT INTO items VALUES(1714,38,'horizontal','',0,90,360,280,0,0,0,NULL,NULL,NULL,NULL);
INSERT INTO items VALUES(1715,38,'if','g_Ctd.TerminalErrorIndicator',0,90,560,140,20,70,0,NULL,NULL,NULL,NULL);
INSERT INTO items VALUES(1716,38,'shelf','PR_OK',0,970,320,50,40,40,0,NULL,'',NULL,'result');
INSERT INTO items VALUES(1717,40,'shelf','PR_CONDITIONS_SATISFIED',0,450,420,110,40,40,0,NULL,NULL,NULL,'result');
INSERT INTO items VALUES(1719,41,'action','return result;',0,4300,210,120,20,0,0,NULL,NULL,NULL,NULL);
INSERT INTO items VALUES(1724,36,'output',replace('result =\nProprietary_Startup_Sequence();','\n',char(10)),0,-10,460,150,50,40,0,NULL,NULL,NULL,'PROPRIETARY');
INSERT INTO items VALUES(1726,36,'action','return result;',0,4310,330,70,20,0,0,NULL,NULL,NULL,NULL);
INSERT INTO items VALUES(1728,36,'shelf','PR_UNINITIALISED',0,-300,290,120,40,40,0,NULL,NULL,NULL,'enum ProcedureResult result');
INSERT INTO items VALUES(1729,18,'shelf','PR_UNINITIALISED',0,270,570,120,40,40,0,NULL,'',NULL,'enum ProcedureResult result');
INSERT INTO items VALUES(1730,18,'action','return result;',0,4770,590,110,20,0,0,NULL,NULL,NULL,NULL);
INSERT INTO items VALUES(1731,18,'horizontal','',0,270,320,130,0,0,0,NULL,NULL,NULL,NULL);
INSERT INTO items VALUES(1732,18,'action','returns enum ProcedureResult',0,530,320,130,20,0,0,NULL,NULL,NULL,NULL);
INSERT INTO items VALUES(1739,30,'horizontal','',0,170,60,130,0,0,0,NULL,'',NULL,'');
INSERT INTO items VALUES(1740,30,'action','returns enum ProcedureResult',0,430,60,130,20,0,0,NULL,'',NULL,'');
INSERT INTO items VALUES(1741,30,'action','return PR_OK;',0,660,280,60,20,0,0,NULL,NULL,NULL,NULL);
INSERT INTO items VALUES(1742,26,'horizontal','',0,170,60,130,0,0,0,NULL,'',NULL,'');
INSERT INTO items VALUES(1743,26,'action','returns enum ProcedureResult',0,430,60,130,20,0,0,NULL,'',NULL,'');
INSERT INTO items VALUES(1744,26,'action','return PR_OK;',0,660,410,60,20,0,0,NULL,NULL,NULL,NULL);
INSERT INTO items VALUES(1745,21,'horizontal','',0,250,50,90,0,0,0,NULL,'',NULL,'');
INSERT INTO items VALUES(1746,21,'action','returns enum ProcedureResult',0,470,50,130,20,0,0,NULL,'',NULL,'');
INSERT INTO items VALUES(1747,21,'action','return PR_OK;',0,240,270,120,20,0,0,NULL,NULL,NULL,NULL);
INSERT INTO items VALUES(1748,31,'horizontal','',0,230,50,80,0,0,0,NULL,'',NULL,'');
INSERT INTO items VALUES(1749,31,'action','returns enum ProcedureResult',0,440,50,130,20,0,0,NULL,'',NULL,'');
INSERT INTO items VALUES(1750,31,'action','return PR_DONE;',0,220,610,170,20,0,0,NULL,NULL,NULL,NULL);
INSERT INTO items VALUES(1751,25,'horizontal','',0,170,60,130,0,0,0,NULL,'',NULL,'');
INSERT INTO items VALUES(1752,25,'action','returns enum ProcedureResult',0,430,60,130,20,0,0,NULL,'',NULL,'');
INSERT INTO items VALUES(1753,25,'action','return PR_OK;',0,660,430,60,20,0,0,NULL,NULL,NULL,NULL);
INSERT INTO items VALUES(1754,27,'horizontal','',0,170,60,130,0,0,0,NULL,'',NULL,'');
INSERT INTO items VALUES(1755,27,'action','returns enum ProcedureResult',0,430,60,130,20,0,0,NULL,'',NULL,'');
INSERT INTO items VALUES(1756,27,'action','return PR_OK;',0,660,410,60,20,0,0,NULL,NULL,NULL,NULL);
INSERT INTO items VALUES(1757,28,'horizontal','',0,170,60,130,0,0,0,NULL,'',NULL,'');
INSERT INTO items VALUES(1758,28,'action','returns enum ProcedureResult',0,430,60,130,20,0,0,NULL,'',NULL,'');
INSERT INTO items VALUES(1759,28,'action','return PR_OK;',0,660,430,60,20,0,0,NULL,NULL,NULL,NULL);
INSERT INTO items VALUES(1760,19,'horizontal','',0,170,60,130,0,0,0,NULL,'',NULL,'');
INSERT INTO items VALUES(1761,19,'action','returns enum ProcedureResult',0,430,60,130,20,0,0,NULL,'',NULL,'');
INSERT INTO items VALUES(1762,19,'action','return PR_OK;',0,660,410,60,20,0,0,NULL,NULL,NULL,NULL);
INSERT INTO items VALUES(1763,22,'action','return PR_OK;',0,170,260,60,20,0,0,NULL,NULL,NULL,NULL);
INSERT INTO items VALUES(1764,22,'horizontal','',0,170,60,130,0,0,0,NULL,'',NULL,'');
INSERT INTO items VALUES(1765,22,'action','returns enum ProcedureResult',0,430,60,130,20,0,0,NULL,'',NULL,'');
INSERT INTO items VALUES(1766,20,'horizontal','',0,170,60,130,0,0,0,NULL,'',NULL,'');
INSERT INTO items VALUES(1767,20,'action','returns enum ProcedureResult',0,430,60,130,20,0,0,NULL,'',NULL,'');
INSERT INTO items VALUES(1768,20,'action','return PR_DONE;',0,660,430,70,20,0,0,NULL,NULL,NULL,NULL);
INSERT INTO items VALUES(1769,36,'horizontal','',0,-290,0,60,0,0,0,NULL,'',NULL,'');
INSERT INTO items VALUES(1770,36,'action',replace('public\n\nreturns enum ProcedureResult','\n',char(10)),0,-100,0,130,30,0,0,NULL,'',NULL,'');
INSERT INTO items VALUES(1771,40,'horizontal','',0,170,60,170,0,0,0,NULL,'',NULL,'');
INSERT INTO items VALUES(1772,40,'action','returns enum ProcedureResult',0,470,60,130,20,0,0,NULL,'',NULL,'');
INSERT INTO items VALUES(1773,40,'action','return result;',0,680,430,70,20,0,0,NULL,NULL,NULL,NULL);
INSERT INTO items VALUES(1774,40,'shelf','PR_UNINITIALISED',0,170,280,120,40,40,0,NULL,NULL,NULL,'enum ProcedureResult result');
INSERT INTO items VALUES(1775,39,'horizontal','',0,30,10,170,0,0,0,NULL,'',NULL,'');
INSERT INTO items VALUES(1776,39,'action','returns enum ProcedureResult',0,330,10,130,20,0,0,NULL,'',NULL,'');
INSERT INTO items VALUES(1777,39,'shelf','PR_UNINITIALISED',0,30,190,130,40,40,0,NULL,NULL,NULL,'enum ProcedureResult result');
INSERT INTO items VALUES(1778,39,'action','return result;',0,1250,260,70,20,0,0,NULL,NULL,NULL,NULL);
INSERT INTO items VALUES(1779,55,'horizontal','',0,-300,40,120,0,0,0,NULL,'',NULL,'');
INSERT INTO items VALUES(1780,55,'action','returns enum ProcedureResult',0,-50,40,130,20,0,0,NULL,'',NULL,'');
INSERT INTO items VALUES(1781,55,'shelf','PR_UNINITIALISED',0,-300,250,120,40,40,0,NULL,NULL,NULL,'enum ProcedureResult result');
INSERT INTO items VALUES(1782,55,'action','return result;',0,1940,270,70,20,0,0,NULL,NULL,NULL,NULL);
INSERT INTO items VALUES(1783,41,'horizontal','',0,-250,-310,130,0,0,0,NULL,'',NULL,'');
INSERT INTO items VALUES(1784,41,'action','returns enum ProcedureResult',0,10,-310,130,20,0,0,NULL,'',NULL,'');
INSERT INTO items VALUES(1785,42,'horizontal','',0,170,60,130,0,0,0,NULL,'',NULL,'');
INSERT INTO items VALUES(1786,42,'action','returns enum ProcedureResult',0,430,60,130,20,0,0,NULL,'',NULL,'');
INSERT INTO items VALUES(1787,42,'action','return PR_NOT_IMPLEMENTED;',0,170,230,110,20,0,0,NULL,NULL,NULL,NULL);
INSERT INTO items VALUES(1788,44,'horizontal','',0,170,60,130,0,0,0,NULL,'',NULL,'');
INSERT INTO items VALUES(1789,44,'action','returns enum ProcedureResult',0,460,60,130,20,0,0,NULL,'',NULL,'');
INSERT INTO items VALUES(1790,44,'action','return PR_NOT_IMPLEMENTED;',0,170,300,110,20,0,0,NULL,NULL,NULL,NULL);
INSERT INTO items VALUES(1791,43,'horizontal','',0,190,-30,150,0,0,0,NULL,'',NULL,'');
INSERT INTO items VALUES(1792,43,'action','returns enum ProcedureResult',0,470,-30,130,20,0,0,NULL,'',NULL,'');
INSERT INTO items VALUES(1793,43,'shelf','PR_OK',0,200,670,130,40,40,0,NULL,NULL,NULL,'result');
INSERT INTO items VALUES(1794,43,'shelf','PR_UNINITIALISED',0,200,50,130,40,40,0,NULL,NULL,NULL,'enum ProcedureResult result');
INSERT INTO items VALUES(1795,43,'shelf','false',0,200,280,130,40,40,0,NULL,'',NULL,'g_Ctd.TerminalErrorIndicator');
INSERT INTO items VALUES(1796,43,'action','return result;',0,200,770,130,20,0,0,NULL,NULL,NULL,NULL);
INSERT INTO items VALUES(1797,45,'horizontal','',0,170,60,130,0,0,0,NULL,'',NULL,'');
INSERT INTO items VALUES(1798,45,'action','returns enum ProcedureResult',0,460,60,130,20,0,0,NULL,'',NULL,'');
INSERT INTO items VALUES(1799,45,'action','return PR_NOT_IMPLEMENTED;',0,170,260,110,20,0,0,NULL,NULL,NULL,NULL);
INSERT INTO items VALUES(1800,45,'horizontal','',0,170,60,250,0,0,0,NULL,NULL,NULL,NULL);
INSERT INTO items VALUES(1801,46,'action','returns enum ProcedureResult',0,460,60,130,20,0,0,NULL,'',NULL,'');
INSERT INTO items VALUES(1802,46,'horizontal','',0,170,60,250,0,0,0,NULL,'',NULL,'');
INSERT INTO items VALUES(1803,46,'action','return PR_NOT_IMPLEMENTED;',0,170,210,110,20,0,0,NULL,NULL,NULL,NULL);
INSERT INTO items VALUES(1804,47,'action','returns enum ProcedureResult',0,460,60,130,20,0,0,NULL,'',NULL,'');
INSERT INTO items VALUES(1805,47,'horizontal','',0,170,60,250,0,0,0,NULL,'',NULL,'');
INSERT INTO items VALUES(1806,47,'action','return PR_NOT_IMPLEMENTED;',0,170,250,110,20,0,0,NULL,NULL,NULL,NULL);
INSERT INTO items VALUES(1807,48,'action','returns enum ProcedureResult',0,460,60,130,20,0,0,NULL,'',NULL,'');
INSERT INTO items VALUES(1808,48,'horizontal','',0,170,60,250,0,0,0,NULL,'',NULL,'');
INSERT INTO items VALUES(1809,48,'action','return PR_NOT_IMPLEMENTED;',0,170,260,110,20,0,0,NULL,NULL,NULL,NULL);
INSERT INTO items VALUES(1810,49,'action','returns enum ProcedureResult',0,460,60,130,20,0,0,NULL,'',NULL,'');
INSERT INTO items VALUES(1811,49,'horizontal','',0,170,60,250,0,0,0,NULL,'',NULL,'');
INSERT INTO items VALUES(1812,49,'action','return PR_NOT_IMPLEMENTED;',0,170,250,110,20,0,0,NULL,NULL,NULL,NULL);
INSERT INTO items VALUES(1813,57,'action','returns enum ProcedureResult',0,-770,-40,130,20,0,0,NULL,'',NULL,'');
INSERT INTO items VALUES(1814,57,'horizontal','',0,-1060,-40,250,0,0,0,NULL,'',NULL,'');
INSERT INTO items VALUES(1815,57,'shelf','PR_UNINITIALISED',0,-1060,180,120,40,40,0,NULL,NULL,NULL,'enum ProcedureResult result');
INSERT INTO items VALUES(1816,44,'horizontal','',0,290,60,60,0,0,0,NULL,NULL,NULL,NULL);
INSERT INTO items VALUES(1817,57,'vertical','',0,-1060,-30,0,890,0,0,NULL,NULL,NULL,NULL);
INSERT INTO items VALUES(1818,57,'branch',replace('Declare\nlocal\nvariables','\n',char(10)),0,-1060,60,120,40,60,0,NULL,NULL,NULL,NULL);
INSERT INTO items VALUES(1819,57,'address','Start',0,-1060,810,120,30,60,0,NULL,NULL,NULL,NULL);
INSERT INTO items VALUES(1820,57,'action','return result;',0,1090,300,70,20,0,0,NULL,NULL,NULL,NULL);
INSERT INTO items VALUES(1821,38,'action','returns enum ProcedureResult',0,40,-80,130,20,0,0,NULL,'',NULL,'');
INSERT INTO items VALUES(1822,38,'horizontal','',0,-250,-80,250,0,0,0,NULL,'',NULL,'');
INSERT INTO items VALUES(1823,38,'action','return result;',0,1510,420,70,20,0,0,NULL,NULL,NULL,NULL);
INSERT INTO items VALUES(1824,33,'action','returns enum ProcedureResult',0,240,130,130,20,0,0,NULL,'',NULL,'');
INSERT INTO items VALUES(1825,33,'horizontal','',0,-160,130,340,0,0,0,NULL,'',NULL,'');
INSERT INTO items VALUES(1826,34,'action','returns enum ProcedureResult',0,380,60,130,20,0,0,NULL,'',NULL,'');
INSERT INTO items VALUES(1827,34,'horizontal','',0,90,60,250,0,0,0,NULL,'',NULL,'');
INSERT INTO items VALUES(1828,34,'shelf','PR_UNINITIALISED',0,90,280,130,40,40,0,NULL,NULL,NULL,'enum ProcedureResult result');
INSERT INTO items VALUES(1829,35,'action','returns enum ProcedureResult',0,450,60,130,20,0,0,NULL,'',NULL,'');
INSERT INTO items VALUES(1830,35,'horizontal','',0,160,60,250,0,0,0,NULL,'',NULL,'');
INSERT INTO items VALUES(1831,35,'action','return PR_OK;',1,660,370,60,20,0,0,NULL,NULL,NULL,NULL);
INSERT INTO items VALUES(1832,34,'action','return result;',0,4780,400,70,20,0,0,NULL,NULL,NULL,NULL);
INSERT INTO items VALUES(1833,33,'action','return result;',0,6800,290,70,20,0,0,NULL,NULL,NULL,NULL);
INSERT INTO items VALUES(1834,38,'vertical','',0,-250,-90,0,810,0,0,NULL,NULL,NULL,NULL);
INSERT INTO items VALUES(1835,38,'branch',replace('Declare\nlocal\nvariables','\n',char(10)),0,-250,20,120,40,60,0,NULL,NULL,NULL,NULL);
INSERT INTO items VALUES(1836,38,'address','Start',0,-250,670,120,30,60,0,NULL,NULL,NULL,NULL);
INSERT INTO items VALUES(1837,38,'shelf','PR_UNINITIALISED',0,-250,130,120,40,40,0,NULL,NULL,NULL,'enum ProcedureResult result');
INSERT INTO items VALUES(1838,41,'vertical','',0,-250,-300,0,1290,0,0,NULL,NULL,NULL,NULL);
INSERT INTO items VALUES(1839,41,'branch',replace('Declare\nlocal\nvariables','\n',char(10)),0,-250,-190,120,40,60,0,NULL,NULL,NULL,NULL);
INSERT INTO items VALUES(1840,41,'address',replace('branch 5\nNon-Nexo','\n',char(10)),0,-250,940,120,40,60,0,NULL,NULL,NULL,NULL);
INSERT INTO items VALUES(1841,41,'shelf','PR_UNINITIALISED',0,-250,-70,120,40,40,0,NULL,NULL,NULL,'enum ProcedureResult result');
INSERT INTO items VALUES(1842,55,'vertical','',0,-300,50,0,680,0,0,NULL,NULL,NULL,NULL);
INSERT INTO items VALUES(1843,55,'branch',replace('Declate\nlocal\nvariables','\n',char(10)),0,-300,140,120,40,60,0,NULL,NULL,NULL,NULL);
INSERT INTO items VALUES(1844,55,'address','Start',0,-300,680,120,30,60,0,NULL,NULL,NULL,NULL);
INSERT INTO items VALUES(1845,55,'shelf','false',0,-300,350,120,40,40,0,NULL,NULL,NULL,'bool SecurityPermission');
INSERT INTO items VALUES(1846,32,'shelf','PR_NOT_IMPLEMENTED',0,960,460,80,40,40,0,NULL,NULL,NULL,'result');
INSERT INTO items VALUES(1847,32,'action','return result;',0,1830,450,70,20,0,0,NULL,NULL,NULL,NULL);
INSERT INTO items VALUES(1848,32,'shelf','PR_DONE',0,1830,370,70,40,40,0,NULL,NULL,NULL,'result');
INSERT INTO items VALUES(1849,32,'vertical','',0,-150,70,0,720,0,0,NULL,NULL,NULL,NULL);
INSERT INTO items VALUES(1850,32,'branch',replace('Declare\nlocal\nvariables','\n',char(10)),0,-150,180,120,40,60,0,NULL,NULL,NULL,NULL);
INSERT INTO items VALUES(1851,32,'address','Start',0,-150,730,120,30,60,0,NULL,NULL,NULL,NULL);
INSERT INTO items VALUES(1852,32,'shelf','PR_UNINITIALISED',0,-150,280,120,40,40,0,NULL,NULL,NULL,'enum ProcedureResult result');
INSERT INTO items VALUES(1853,32,'horizontal','',0,-150,70,240,0,0,0,NULL,NULL,NULL,NULL);
INSERT INTO items VALUES(1854,32,'action','returns enum ProcedureResult',0,150,70,130,20,0,0,NULL,NULL,NULL,NULL);
INSERT INTO items VALUES(1855,32,'vertical','',0,1450,120,0,670,0,0,NULL,NULL,NULL,NULL);
INSERT INTO items VALUES(1856,32,'branch','Ineligible',0,1450,170,90,30,60,0,NULL,NULL,NULL,NULL);
INSERT INTO items VALUES(1857,32,'address','Return',0,1450,730,90,30,60,0,NULL,NULL,NULL,NULL);
INSERT INTO items VALUES(1858,32,'shelf','false',0,1450,270,90,40,40,0,NULL,'',NULL,'g_Ctd.isDccEligible');
INSERT INTO items VALUES(1859,32,'case','PR_NOT_IMPLEMENTED',0,1140,620,80,20,60,0,NULL,NULL,NULL,NULL);
INSERT INTO items VALUES(1860,32,'vertical','',0,1140,580,0,80,0,0,NULL,NULL,NULL,NULL);
INSERT INTO items VALUES(1861,32,'horizontal','',0,960,660,180,0,0,0,NULL,NULL,NULL,NULL);
INSERT INTO items VALUES(1862,32,'commentout','Shall be implemented',0,1170,480,90,20,60,0,NULL,NULL,NULL,NULL);
INSERT INTO items VALUES(1863,33,'shelf','PR_UNINITIALISED',0,-150,330,120,40,40,0,NULL,NULL,NULL,'enum ProcedureResult result');
INSERT INTO items VALUES(1864,53,'horizontal','',0,240,60,170,0,0,0,NULL,NULL,NULL,NULL);
INSERT INTO items VALUES(1865,53,'action','returns enum ProcedureResult',0,470,60,130,20,0,0,NULL,NULL,NULL,NULL);
INSERT INTO items VALUES(1866,53,'action','return PR_OK;',0,170,310,160,20,0,0,NULL,NULL,NULL,NULL);
INSERT INTO items VALUES(1867,36,'select','Perform_Service()',1,2900,510,90,20,60,0,NULL,NULL,NULL,NULL);
INSERT INTO items VALUES(1868,36,'horizontal','',0,2900,550,330,0,0,0,NULL,NULL,NULL,NULL);
INSERT INTO items VALUES(1869,36,'case','PR_OK',0,2900,590,90,20,60,0,NULL,NULL,NULL,NULL);
INSERT INTO items VALUES(1870,36,'case','PR_NOK',0,3080,590,70,20,60,0,NULL,NULL,NULL,NULL);
INSERT INTO items VALUES(1871,36,'case','',0,3230,590,60,20,60,0,NULL,NULL,NULL,NULL);
INSERT INTO items VALUES(1872,36,'vertical','',0,3080,550,0,290,0,0,NULL,NULL,NULL,NULL);
INSERT INTO items VALUES(1873,36,'vertical','',0,3230,550,0,290,0,0,NULL,NULL,NULL,NULL);
INSERT INTO items VALUES(1874,36,'address',replace('Diagnostics\nMaintenance\nRecovery','\n',char(10)),0,3230,780,60,40,60,0,NULL,NULL,NULL,NULL);
INSERT INTO items VALUES(1875,36,'output',replace('result =\nDiagnostics_Maintenance_Recovery();','\n',char(10)),0,3470,260,160,50,40,0,NULL,NULL,NULL,'PROPRIETARY');
INSERT INTO items VALUES(1876,36,'select','Check_Service_Start_Conditions();',0,1350,620,160,20,60,0,NULL,NULL,NULL,NULL);
INSERT INTO items VALUES(1877,36,'horizontal','',0,1350,660,500,0,0,0,NULL,NULL,NULL,NULL);
INSERT INTO items VALUES(1878,36,'case','PR_CONDITIONS_SATISFIED',0,1350,700,160,20,60,0,NULL,NULL,NULL,NULL);
INSERT INTO items VALUES(1879,36,'case','PR_CONDITIONS_NOT_SATISFIED',0,1650,700,120,20,60,0,NULL,NULL,NULL,NULL);
INSERT INTO items VALUES(1880,36,'case','',0,1850,700,60,20,60,0,NULL,NULL,NULL,NULL);
INSERT INTO items VALUES(1881,36,'vertical','',0,1650,660,0,180,0,0,NULL,NULL,NULL,NULL);
INSERT INTO items VALUES(1882,36,'vertical','',0,1850,660,0,180,0,0,NULL,NULL,NULL,NULL);
INSERT INTO items VALUES(1883,36,'address',replace('Diagnostics\nMaintenance\nRecovery','\n',char(10)),0,1850,780,60,40,60,0,NULL,NULL,NULL,NULL);
INSERT INTO items VALUES(1884,36,'select','result',0,1350,340,160,20,60,0,NULL,NULL,NULL,NULL);
INSERT INTO items VALUES(1885,36,'horizontal','',0,1350,380,1440,0,0,0,NULL,NULL,NULL,NULL);
INSERT INTO items VALUES(1886,36,'case','PR_NEW_EVENT',0,1350,420,160,20,60,0,NULL,NULL,NULL,NULL);
INSERT INTO items VALUES(1888,36,'case','',0,2790,420,50,20,60,0,NULL,NULL,NULL,NULL);
INSERT INTO items VALUES(1890,36,'vertical','',0,2790,380,0,220,0,0,NULL,NULL,NULL,NULL);
INSERT INTO items VALUES(1891,36,'vertical','',0,2160,520,0,320,0,0,NULL,NULL,NULL,NULL);
INSERT INTO items VALUES(1892,36,'case','PR_NOK',0,2160,560,70,20,60,0,NULL,NULL,NULL,NULL);
INSERT INTO items VALUES(1893,36,'address',replace('Diagnostics\nMaintenance\nRecovery','\n',char(10)),0,2710,780,60,40,60,0,NULL,NULL,NULL,NULL);
INSERT INTO items VALUES(1894,36,'horizontal','',0,2710,600,80,0,0,0,NULL,NULL,NULL,NULL);
INSERT INTO items VALUES(1902,38,'vertical','',0,1290,-40,0,760,0,0,NULL,NULL,NULL,NULL);
INSERT INTO items VALUES(1903,38,'branch','Bail',0,1290,10,130,30,60,0,NULL,NULL,NULL,NULL);
INSERT INTO items VALUES(1904,38,'address','Return',0,1290,670,130,30,60,0,NULL,NULL,NULL,NULL);
INSERT INTO items VALUES(1905,38,'shelf','PR_INTERNAL_INCONSISTENCY',0,1290,320,130,40,40,0,NULL,NULL,NULL,'result');
INSERT INTO items VALUES(1906,38,'if','PR_DONE == result',0,90,410,140,20,250,1,NULL,NULL,NULL,NULL);
INSERT INTO items VALUES(1907,38,'vertical','',0,300,560,0,160,0,0,NULL,NULL,NULL,NULL);
INSERT INTO items VALUES(1908,38,'address','Nok',0,300,670,50,30,60,0,NULL,NULL,NULL,NULL);
INSERT INTO items VALUES(1910,38,'shelf','TER_NOT_IMPLEMENTED',0,720,560,110,40,40,0,NULL,NULL,NULL,'g_Ctd.TerminalErrorReason');
INSERT INTO items VALUES(1912,38,'shelf','T_ABORTED',0,1290,120,130,40,40,0,NULL,'',NULL,'g_Ctd.TransactionResult');
INSERT INTO items VALUES(1913,38,'shelf','true',0,1290,220,130,40,40,0,NULL,'',NULL,'g_Ctd.TerminalErrorIndicator');
INSERT INTO items VALUES(1915,38,'shelf','N_TECHNICAL_ERROR',0,480,460,110,40,40,0,NULL,'',NULL,'g_Ctd.NokReason');
INSERT INTO items VALUES(1916,38,'shelf','TE_NEXO_FAST_FAILURE',0,480,560,110,40,40,0,NULL,'',NULL,'g_Ctd.TerminalErrorReason');
INSERT INTO items VALUES(1917,38,'vertical','',0,480,410,0,310,0,0,NULL,NULL,NULL,NULL);
INSERT INTO items VALUES(1918,38,'horizontal','',0,480,620,240,0,0,0,NULL,NULL,NULL,NULL);
INSERT INTO items VALUES(1919,33,'vertical','',0,6600,170,0,500,0,0,NULL,NULL,NULL,NULL);
INSERT INTO items VALUES(1920,33,'branch','Bailout',0,6600,220,110,30,60,0,NULL,NULL,NULL,NULL);
INSERT INTO items VALUES(1921,33,'address','Return',0,6600,620,110,30,60,0,NULL,NULL,NULL,NULL);
INSERT INTO items VALUES(1922,33,'case','PR_NOK',0,560,470,50,20,60,0,NULL,NULL,NULL,NULL);
INSERT INTO items VALUES(1923,33,'case','PR_ACCEPT',0,440,470,50,20,60,0,NULL,NULL,NULL,NULL);
INSERT INTO items VALUES(1924,33,'address','Bailout',0,680,620,50,30,60,0,NULL,NULL,NULL,NULL);
INSERT INTO items VALUES(1925,33,'vertical','',0,440,430,0,240,0,0,NULL,NULL,NULL,NULL);
INSERT INTO items VALUES(1926,33,'vertical','',0,560,430,0,80,0,0,NULL,NULL,NULL,NULL);
INSERT INTO items VALUES(1927,33,'horizontal','',0,440,510,120,0,0,0,NULL,NULL,NULL,NULL);
INSERT INTO items VALUES(1928,33,'case','PR_NOK',0,1960,460,50,20,60,0,NULL,NULL,NULL,NULL);
INSERT INTO items VALUES(1929,33,'vertical','',0,1960,420,0,250,0,0,NULL,NULL,NULL,NULL);
INSERT INTO items VALUES(1930,33,'address','Bailout',0,2080,620,50,30,60,0,NULL,NULL,NULL,NULL);
INSERT INTO items VALUES(1931,33,'select','Kernel_Activation()',0,2250,310,100,20,60,0,NULL,NULL,NULL,NULL);
INSERT INTO items VALUES(1932,33,'horizontal','',0,2250,350,530,0,0,0,NULL,NULL,NULL,NULL);
INSERT INTO items VALUES(1933,33,'case','PR_OK',0,2250,390,100,20,60,0,NULL,NULL,NULL,NULL);
INSERT INTO items VALUES(1934,33,'case','PR_NOK',0,2660,390,50,20,60,0,NULL,NULL,NULL,NULL);
INSERT INTO items VALUES(1935,33,'case','',0,2780,390,50,20,60,0,NULL,NULL,NULL,NULL);
INSERT INTO items VALUES(1936,33,'vertical','',0,2660,350,0,320,0,0,NULL,NULL,NULL,NULL);
INSERT INTO items VALUES(1937,33,'vertical','',0,2780,350,0,320,0,0,NULL,'',NULL,'');
INSERT INTO items VALUES(1938,33,'address','Bailout',0,2780,620,50,30,60,0,NULL,NULL,NULL,NULL);
INSERT INTO items VALUES(1939,33,'select','Kernel_Processing()',0,2250,450,100,20,60,0,NULL,NULL,NULL,NULL);
INSERT INTO items VALUES(1940,33,'horizontal','',0,2250,490,290,0,0,0,NULL,NULL,NULL,NULL);
INSERT INTO items VALUES(1941,33,'case','PR_OK',0,2250,530,100,20,60,0,NULL,NULL,NULL,NULL);
INSERT INTO items VALUES(1942,33,'case','PR_NOK',0,2420,530,50,20,60,0,NULL,NULL,NULL,NULL);
INSERT INTO items VALUES(1943,33,'case','',0,2540,530,50,20,60,0,NULL,NULL,NULL,NULL);
INSERT INTO items VALUES(1944,33,'vertical','',0,2420,490,0,180,0,0,NULL,NULL,NULL,NULL);
INSERT INTO items VALUES(1945,33,'vertical','',0,2540,490,0,180,0,0,NULL,NULL,NULL,NULL);
INSERT INTO items VALUES(1946,33,'address','(H) Abort',0,2660,620,50,30,60,0,NULL,NULL,NULL,NULL);
INSERT INTO items VALUES(1947,33,'address','Bailout',0,2540,620,50,30,60,0,NULL,NULL,NULL,NULL);
INSERT INTO items VALUES(1948,33,'select','Outcome_Processing()',0,3010,320,160,20,60,0,NULL,NULL,NULL,NULL);
INSERT INTO items VALUES(1949,33,'horizontal','',0,3010,360,510,0,0,0,NULL,NULL,NULL,NULL);
INSERT INTO items VALUES(1950,33,'case','PR_DONE',0,3010,400,160,20,60,0,NULL,NULL,NULL,NULL);
INSERT INTO items VALUES(1951,33,'case','PR_NOK',0,3400,400,50,20,60,0,NULL,NULL,NULL,NULL);
INSERT INTO items VALUES(1952,33,'case','',0,3520,400,50,20,60,0,NULL,NULL,NULL,NULL);
INSERT INTO items VALUES(1953,33,'vertical','',0,3400,360,0,310,0,0,NULL,NULL,NULL,NULL);
INSERT INTO items VALUES(1954,33,'vertical','',0,3520,360,0,310,0,0,NULL,NULL,NULL,NULL);
INSERT INTO items VALUES(1955,33,'address','Bailout',0,3520,620,50,30,60,0,NULL,NULL,NULL,NULL);
INSERT INTO items VALUES(1956,33,'commentin',replace('Yes, default case\nis to proceed to\nApp Profile Selection','\n',char(10)),0,1220,450,110,30,60,0,NULL,NULL,NULL,NULL);
INSERT INTO items VALUES(1957,33,'case','PR_NOK',0,4060,430,50,20,60,0,NULL,NULL,NULL,NULL);
INSERT INTO items VALUES(1958,33,'vertical','',0,4060,390,0,280,0,0,NULL,NULL,NULL,NULL);
INSERT INTO items VALUES(1959,33,'address','Bailout',0,4180,620,50,30,60,0,NULL,NULL,NULL,NULL);
INSERT INTO items VALUES(1960,33,'vertical','',0,4810,170,0,500,0,0,NULL,NULL,NULL,NULL);
INSERT INTO items VALUES(1961,33,'branch',replace('(F1) Check Online\nRequest\nJunction Point','\n',char(10)),0,4810,230,120,40,60,0,NULL,NULL,NULL,NULL);
INSERT INTO items VALUES(1963,33,'select','Online_Request()',0,4340,340,90,20,60,0,NULL,NULL,NULL,NULL);
INSERT INTO items VALUES(1964,33,'horizontal','',0,4340,380,280,0,0,0,NULL,NULL,NULL,NULL);
INSERT INTO items VALUES(1965,33,'case','PR_OK',0,4340,420,90,20,60,0,NULL,NULL,NULL,NULL);
INSERT INTO items VALUES(1966,33,'case','PR_NOK',0,4500,420,50,20,60,0,NULL,NULL,NULL,NULL);
INSERT INTO items VALUES(1967,33,'case','',0,4620,420,50,20,60,0,NULL,NULL,NULL,NULL);
INSERT INTO items VALUES(1968,33,'vertical','',0,4500,380,0,290,0,0,NULL,NULL,NULL,NULL);
INSERT INTO items VALUES(1969,33,'vertical','',0,4620,380,0,290,0,0,NULL,NULL,NULL,NULL);
INSERT INTO items VALUES(1970,33,'select','Check_Online_Performed()',0,4810,450,120,20,60,0,NULL,NULL,NULL,NULL);
INSERT INTO items VALUES(1971,33,'horizontal','',0,4810,490,310,0,0,0,NULL,NULL,NULL,NULL);
INSERT INTO items VALUES(1972,33,'case','PR_OK',0,4810,530,120,20,60,0,NULL,NULL,NULL,NULL);
INSERT INTO items VALUES(1973,33,'case','PR_NOK',0,5000,530,50,20,60,0,NULL,NULL,NULL,NULL);
INSERT INTO items VALUES(1974,33,'case','',0,5120,530,50,20,60,0,NULL,NULL,NULL,NULL);
INSERT INTO items VALUES(1975,33,'vertical','',0,5000,490,0,180,0,0,NULL,NULL,NULL,NULL);
INSERT INTO items VALUES(1976,33,'vertical','',0,5120,490,0,180,0,0,NULL,NULL,NULL,NULL);
INSERT INTO items VALUES(1977,33,'address','Bailout',0,4620,620,50,30,60,0,NULL,NULL,NULL,NULL);
INSERT INTO items VALUES(1978,33,'address','(H) Abort',0,4500,620,50,30,60,0,NULL,NULL,NULL,NULL);
INSERT INTO items VALUES(1979,33,'address','Bailout',0,5120,620,50,30,60,0,NULL,NULL,NULL,NULL);
INSERT INTO items VALUES(1980,33,'address',replace('(F1) Check Online\nRequest\nJunction Point','\n',char(10)),0,4340,610,90,40,60,0,NULL,NULL,NULL,NULL);
INSERT INTO items VALUES(1981,33,'vertical','',0,6800,170,0,240,0,0,NULL,NULL,NULL,NULL);
INSERT INTO items VALUES(1982,33,'branch','Return',0,6800,220,70,30,60,0,NULL,NULL,NULL,NULL);
INSERT INTO items VALUES(1983,33,'address','Return',0,6240,620,110,30,60,0,NULL,NULL,NULL,NULL);
INSERT INTO items VALUES(1984,33,'shelf','PR_INTERNAL_INCONSISTENCY',0,6600,460,110,40,40,0,NULL,NULL,NULL,'result');
INSERT INTO items VALUES(1985,33,'shelf','PR_DONE',0,6240,460,110,40,40,0,NULL,NULL,NULL,'result');
INSERT INTO items VALUES(1986,33,'if','PR_DONE == result',0,6240,370,110,20,70,1,NULL,NULL,NULL,NULL);
INSERT INTO items VALUES(1987,33,'vertical','',0,6420,370,0,300,0,0,NULL,NULL,NULL,NULL);
INSERT INTO items VALUES(1988,33,'address','Bailout',0,6420,620,50,30,60,0,NULL,NULL,NULL,NULL);
INSERT INTO items VALUES(1989,33,'vertical','',0,-150,130,0,540,0,0,NULL,NULL,NULL,NULL);
INSERT INTO items VALUES(1990,33,'branch',replace('Declare\nlocal\nvariables','\n',char(10)),0,-150,230,120,40,60,0,NULL,NULL,NULL,NULL);
INSERT INTO items VALUES(1991,33,'address','(A) Pre-Processing',0,-150,620,120,30,60,0,NULL,NULL,NULL,NULL);
INSERT INTO items VALUES(1992,41,'vertical','',0,3290,-250,0,1240,0,0,NULL,NULL,NULL,NULL);
INSERT INTO items VALUES(1993,41,'branch',replace('branch 5\nNon-Nexo','\n',char(10)),0,3290,-190,190,40,60,0,NULL,NULL,NULL,NULL);
INSERT INTO items VALUES(1994,41,'address','branch 1',0,3290,940,190,30,60,0,NULL,NULL,NULL,NULL);
INSERT INTO items VALUES(1995,41,'if','g_Ctd.Event.Table[E_REBOOT_REQUESTED]',0,3290,90,190,20,190,0,NULL,'',NULL,'');
INSERT INTO items VALUES(1996,41,'if','g_Ctd.Event.Table[E_TERMINATION_REQUESTED]',0,3290,370,190,20,190,0,NULL,'',NULL,'');
INSERT INTO items VALUES(1997,41,'shelf','PR_REBOOT',0,3590,90,50,40,40,0,NULL,NULL,NULL,'result');
INSERT INTO items VALUES(1998,41,'vertical','',0,3670,90,0,900,0,0,NULL,NULL,NULL,NULL);
INSERT INTO items VALUES(2002,41,'shelf','PR_TERMINATE',0,3590,370,60,40,40,0,NULL,NULL,NULL,'result');
INSERT INTO items VALUES(2003,41,'address','End',0,3670,940,50,30,60,0,NULL,NULL,NULL,NULL);
INSERT INTO items VALUES(2004,36,'case','PR_REBOOT',0,2330,560,80,20,60,0,NULL,NULL,NULL,NULL);
INSERT INTO items VALUES(2005,36,'case','PR_TERMINATE',0,2530,560,100,20,60,0,NULL,NULL,NULL,NULL);
INSERT INTO items VALUES(2006,36,'address','Terminate',0,2530,790,100,30,60,0,NULL,NULL,NULL,NULL);
INSERT INTO items VALUES(2007,36,'address','Reboot',0,2330,790,80,30,60,0,NULL,NULL,NULL,NULL);
INSERT INTO items VALUES(2008,36,'shelf','PR_TERMINATE',0,4160,230,60,40,40,0,NULL,NULL,NULL,'result');
INSERT INTO items VALUES(2009,36,'shelf','PR_REBOOT',0,4030,230,50,40,40,0,NULL,NULL,NULL,'result');
INSERT INTO items VALUES(2010,36,'vertical','',0,4160,60,0,780,0,0,NULL,NULL,NULL,NULL);
INSERT INTO items VALUES(2011,36,'branch','Terminate',0,4160,120,60,30,60,0,NULL,NULL,NULL,NULL);
INSERT INTO items VALUES(2012,36,'address','Return',0,4160,790,60,30,60,0,NULL,NULL,NULL,NULL);
INSERT INTO items VALUES(2014,36,'vertical','',0,2330,520,0,320,0,0,NULL,NULL,NULL,NULL);
INSERT INTO items VALUES(2015,36,'vertical','',0,2530,520,0,320,0,0,NULL,NULL,NULL,NULL);
INSERT INTO items VALUES(2016,36,'vertical','',0,4030,60,0,780,0,0,NULL,NULL,NULL,NULL);
INSERT INTO items VALUES(2017,36,'branch','Reboot',0,4030,120,50,30,60,0,NULL,NULL,NULL,NULL);
INSERT INTO items VALUES(2018,36,'address','Return',0,4030,790,50,30,60,0,NULL,NULL,NULL,NULL);
INSERT INTO items VALUES(2021,36,'output','Force_Termination();',0,2530,680,100,40,40,0,NULL,'',NULL,'PROPRIETARY');
INSERT INTO items VALUES(2022,36,'output','Force_Reboot();',0,2330,680,80,40,40,0,NULL,'',NULL,'PROPRIETARY');
INSERT INTO items VALUES(2023,36,'select','result',0,3470,370,160,20,60,0,NULL,NULL,NULL,NULL);
INSERT INTO items VALUES(2024,36,'horizontal','',0,3470,410,490,0,0,0,NULL,NULL,NULL,NULL);
INSERT INTO items VALUES(2025,36,'case','PR_STARTUP_SEQUENCE',0,3470,450,160,20,60,0,NULL,NULL,NULL,NULL);
INSERT INTO items VALUES(2026,36,'case','PR_REBOOT',0,3700,450,50,20,60,0,NULL,NULL,NULL,NULL);
INSERT INTO items VALUES(2027,36,'case','PR_TERMINATE',0,3830,450,60,20,60,0,NULL,NULL,NULL,NULL);
INSERT INTO items VALUES(2028,36,'vertical','',0,3700,410,0,430,0,0,NULL,NULL,NULL,NULL);
INSERT INTO items VALUES(2029,36,'vertical','',0,3830,410,0,90,0,0,NULL,NULL,NULL,NULL);
INSERT INTO items VALUES(2031,36,'address','Return',0,3700,790,50,30,60,0,NULL,NULL,NULL,NULL);
INSERT INTO items VALUES(2032,36,'vertical','',0,3960,410,0,90,0,0,NULL,NULL,NULL,NULL);
INSERT INTO items VALUES(2033,36,'case','',0,3960,450,50,20,60,0,NULL,NULL,NULL,NULL);
INSERT INTO items VALUES(2034,36,'horizontal','',0,3700,500,260,0,0,0,NULL,NULL,NULL,NULL);
INSERT INTO items VALUES(2035,36,'vertical','',0,-300,0,0,840,0,0,NULL,NULL,NULL,NULL);
INSERT INTO items VALUES(2036,36,'branch',replace('Declate\nlocal\nvariables','\n',char(10)),0,-300,120,120,40,60,0,NULL,NULL,NULL,NULL);
INSERT INTO items VALUES(2037,36,'address',replace('Proprietary\nstartup sequence','\n',char(10)),0,-300,780,120,40,60,0,NULL,NULL,NULL,NULL);
INSERT INTO items VALUES(2038,41,'shelf','(struct EventTable){ }',1,4300,-10,120,40,40,0,NULL,NULL,NULL,'g_Ctd.Event');
INSERT INTO items VALUES(2039,58,'beginend','Pre_Processing',0,10,290,70,20,60,0,NULL,NULL,NULL,NULL);
INSERT INTO items VALUES(2040,58,'beginend','End',0,5340,670,50,20,60,0,NULL,NULL,NULL,NULL);
INSERT INTO items VALUES(2041,58,'vertical','',0,10,310,0,860,0,0,NULL,NULL,NULL,NULL);
INSERT INTO items VALUES(2043,58,'vertical','',0,5340,330,0,330,0,0,NULL,NULL,NULL,NULL);
INSERT INTO items VALUES(2044,58,'horizontal','',0,10,330,5330,0,0,0,NULL,NULL,NULL,NULL);
INSERT INTO items VALUES(2045,58,'arrow','',0,-130,330,140,840,5330,1,NULL,NULL,NULL,NULL);
INSERT INTO items VALUES(2046,58,'branch',replace('Declare\nlocal\nvariables','\n',char(10)),0,10,390,120,40,60,0,NULL,NULL,NULL,NULL);
INSERT INTO items VALUES(2047,58,'address','branch 1',0,10,1120,120,30,60,0,NULL,NULL,NULL,NULL);
INSERT INTO items VALUES(2049,58,'branch','Return',0,5340,380,70,30,60,0,NULL,NULL,NULL,NULL);
INSERT INTO items VALUES(2051,58,'horizontal',NULL,0,10,290,380,0,0,0,NULL,NULL,NULL,NULL);
INSERT INTO items VALUES(2052,58,'action','returns enum ProcedureResult',0,390,290,130,20,0,0,NULL,NULL,NULL,NULL);
INSERT INTO items VALUES(2053,58,'shelf','PR_UNINITIALISED',0,10,490,120,40,40,0,NULL,'',NULL,'enum ProcedureResult result');
INSERT INTO items VALUES(2054,58,'if',replace('g_Nexo.ServiceStartEvents\n[g_Ctd.SelectedService]\n.referenceEntry','\n',char(10)),0,280,760,130,30,180,0,NULL,'',NULL,'');
INSERT INTO items VALUES(2055,58,'vertical','',0,280,330,0,840,0,0,NULL,NULL,NULL,NULL);
INSERT INTO items VALUES(2056,58,'vertical','',0,1150,330,0,840,0,0,NULL,NULL,NULL,NULL);
INSERT INTO items VALUES(2057,58,'branch','branch 1',0,280,380,130,30,60,0,NULL,NULL,NULL,NULL);
INSERT INTO items VALUES(2058,58,'branch','branch 2',0,1150,380,130,30,60,0,NULL,NULL,NULL,NULL);
INSERT INTO items VALUES(2059,58,'address',replace('Check\nRefund','\n',char(10)),0,1150,1110,130,40,60,0,NULL,NULL,NULL,NULL);
INSERT INTO items VALUES(2060,58,'address','branch 2',0,280,1120,130,30,60,0,NULL,NULL,NULL,NULL);
INSERT INTO items VALUES(2061,58,'if','S_NO_SHOW == g_Ctd.SelectedService',0,590,800,160,20,20,0,NULL,'',NULL,'');
INSERT INTO items VALUES(2062,58,'vertical','',0,590,760,0,410,0,0,NULL,NULL,NULL,NULL);
INSERT INTO items VALUES(2063,58,'address',replace('Reference\nEntry','\n',char(10)),0,590,1110,160,40,60,0,NULL,NULL,NULL,NULL);
INSERT INTO items VALUES(2064,58,'vertical','',0,4680,330,0,840,0,0,NULL,NULL,NULL,NULL);
INSERT INTO items VALUES(2065,58,'action','return result;',0,5340,610,70,20,0,0,NULL,NULL,NULL,NULL);
INSERT INTO items VALUES(2066,58,'shelf','PR_REFERENCE_ENTRY',0,4680,510,90,40,40,0,NULL,NULL,NULL,'result');
INSERT INTO items VALUES(2067,58,'branch',replace('Reference\nEntry','\n',char(10)),0,4680,390,90,40,60,0,NULL,NULL,NULL,NULL);
INSERT INTO items VALUES(2068,58,'address','Return',0,4680,1120,90,30,60,0,NULL,NULL,NULL,NULL);
INSERT INTO items VALUES(2069,58,'if','g_Ctd.TransactionAmountEntered',0,770,860,140,20,20,1,NULL,NULL,NULL,NULL);
INSERT INTO items VALUES(2070,58,'vertical','',0,930,860,0,310,0,0,NULL,NULL,NULL,NULL);
INSERT INTO items VALUES(2071,58,'vertical','',0,770,800,0,130,0,0,NULL,NULL,NULL,NULL);
INSERT INTO items VALUES(2072,58,'horizontal','',0,590,930,180,0,0,0,NULL,NULL,NULL,NULL);
INSERT INTO items VALUES(2073,58,'address',replace('Configuration\nError','\n',char(10)),0,930,1110,70,40,60,0,NULL,NULL,NULL,NULL);
INSERT INTO items VALUES(2074,58,'shelf','PR_NOK',0,5200,510,50,40,40,0,NULL,NULL,NULL,'result');
INSERT INTO items VALUES(2075,58,'if',replace('g_Nexo.ServiceStartEvents\n[g_Ctd.SelectedService]\n.accept','\n',char(10)),0,1150,460,130,30,100,0,NULL,NULL,NULL,NULL);
INSERT INTO items VALUES(2076,58,'vertical','',0,1380,460,0,130,0,0,NULL,NULL,NULL,NULL);
INSERT INTO items VALUES(2077,58,'if',replace('S_DEFFERED_PAYMENT\n!=\ng_Ctd.SelectedService','\n',char(10)),0,1380,540,120,30,90,0,NULL,NULL,NULL,NULL);
INSERT INTO items VALUES(2078,58,'vertical','',0,1590,540,0,630,0,0,NULL,NULL,NULL,NULL);
INSERT INTO items VALUES(2079,58,'address','Accept',0,1590,1120,50,30,60,0,NULL,NULL,NULL,NULL);
INSERT INTO items VALUES(2080,58,'vertical','',0,4520,330,0,840,0,0,NULL,NULL,NULL,NULL);
INSERT INTO items VALUES(2081,58,'branch','Accept',0,4520,380,50,30,60,0,NULL,NULL,NULL,NULL);
INSERT INTO items VALUES(2082,58,'address','Return',0,4520,1120,50,30,60,0,NULL,NULL,NULL,NULL);
INSERT INTO items VALUES(2083,58,'shelf','PR_ACCEPT',0,4520,510,50,40,40,0,NULL,NULL,NULL,'result');
INSERT INTO items VALUES(2084,58,'horizontal','',0,1150,590,230,0,0,0,NULL,NULL,NULL,NULL);
INSERT INTO items VALUES(2086,58,'if',replace('S_NO_SHOW\n==\ng_Ctd.SelectedService','\n',char(10)),0,1150,640,130,30,20,0,NULL,NULL,NULL,NULL);
INSERT INTO items VALUES(2087,58,'vertical','',0,1300,640,0,130,0,0,NULL,NULL,NULL,NULL);
INSERT INTO items VALUES(2088,58,'vertical','',0,1800,330,0,840,0,0,NULL,NULL,NULL,NULL);
INSERT INTO items VALUES(2089,58,'branch',replace('Check\nRefund','\n',char(10)),0,1800,390,140,40,60,0,NULL,NULL,NULL,NULL);
INSERT INTO items VALUES(2090,58,'address','Contactless',0,1800,1120,140,30,60,0,NULL,NULL,NULL,NULL);
INSERT INTO items VALUES(2091,58,'if',replace('g_Nexo.ServiceStartEvents\n[g_Ctd.SelectedService]\n.manualEntry','\n',char(10)),0,1300,720,130,30,20,1,NULL,NULL,NULL,NULL);
INSERT INTO items VALUES(2092,58,'vertical','',0,1450,720,0,450,0,0,NULL,NULL,NULL,NULL);
INSERT INTO items VALUES(2093,58,'horizontal','',0,1150,770,150,0,0,0,NULL,NULL,NULL,NULL);
INSERT INTO items VALUES(2094,58,'address',replace('Configuration\nError','\n',char(10)),0,1450,1110,70,40,60,0,NULL,NULL,NULL,NULL);
INSERT INTO items VALUES(2095,58,'if','g_Ctd.TransactionAmountEntered',0,1800,470,140,20,690,1,NULL,NULL,NULL,NULL);
INSERT INTO items VALUES(2096,58,'vertical','',0,2630,470,0,700,0,0,NULL,NULL,NULL,NULL);
INSERT INTO items VALUES(2097,58,'address','No Amount',0,2630,1120,50,30,60,0,NULL,NULL,NULL,NULL);
INSERT INTO items VALUES(2098,58,'if',replace('S_REFUND\n==\ng_Ctd.SelectedService','\n',char(10)),0,1800,540,140,30,60,0,NULL,NULL,NULL,NULL);
INSERT INTO items VALUES(2099,58,'vertical','',0,2000,540,0,150,0,0,NULL,NULL,NULL,NULL);
INSERT INTO items VALUES(2100,58,'if',replace('g_Ctd.TransactionAmount.i\n>\ng_Nexo.RefundProtectionAmount.i','\n',char(10)),0,2000,630,160,30,40,0,NULL,NULL,NULL,NULL);
INSERT INTO items VALUES(2101,58,'vertical','',0,2200,630,0,400,0,0,NULL,NULL,NULL,NULL);
INSERT INTO items VALUES(2102,58,'horizontal','',0,1800,690,200,0,0,0,NULL,'',NULL,'');
INSERT INTO items VALUES(2103,58,'output',replace('result =\nEntry(0x11);','\n',char(10)),0,2200,740,120,50,40,0,NULL,NULL,NULL,'SCAP');
INSERT INTO items VALUES(2104,58,'select','result',0,2200,830,120,20,60,0,NULL,NULL,NULL,NULL);
INSERT INTO items VALUES(2105,58,'horizontal','',0,2200,870,310,0,0,0,NULL,NULL,NULL,NULL);
INSERT INTO items VALUES(2106,58,'case','PR_DONE',0,2200,910,120,20,60,0,NULL,NULL,NULL,NULL);
INSERT INTO items VALUES(2107,58,'case','PR_NOK',0,2390,910,50,20,60,0,NULL,NULL,NULL,NULL);
INSERT INTO items VALUES(2108,58,'case','',0,2510,910,50,20,60,0,NULL,NULL,NULL,NULL);
INSERT INTO items VALUES(2109,58,'vertical','',0,2390,870,0,300,0,0,NULL,NULL,NULL,NULL);
INSERT INTO items VALUES(2110,58,'vertical','',0,2510,870,0,300,0,0,NULL,NULL,NULL,NULL);
INSERT INTO items VALUES(2111,58,'address','Bailout',0,2510,1120,50,30,60,0,NULL,NULL,NULL,NULL);
INSERT INTO items VALUES(2112,58,'vertical','',0,5020,330,0,840,0,0,NULL,NULL,NULL,NULL);
INSERT INTO items VALUES(2113,58,'branch','Bailout',0,5020,380,110,30,60,0,NULL,NULL,NULL,NULL);
INSERT INTO items VALUES(2114,58,'address','Return',0,5020,1120,110,30,60,0,NULL,NULL,NULL,NULL);
INSERT INTO items VALUES(2115,58,'shelf','PR_INTERNAL_INCONSISTENCY',0,5020,510,110,40,40,0,NULL,'',NULL,'result');
INSERT INTO items VALUES(2116,58,'address',replace('Not\nAllowed','\n',char(10)),0,2390,1110,50,40,60,0,NULL,NULL,NULL,NULL);
INSERT INTO items VALUES(2118,58,'vertical','',0,3660,330,0,840,0,0,NULL,NULL,NULL,NULL);
INSERT INTO items VALUES(2119,58,'branch','Contactless',0,3660,380,150,30,60,0,NULL,NULL,NULL,NULL);
INSERT INTO items VALUES(2120,58,'address','Ok',0,3660,1120,150,30,60,0,NULL,NULL,NULL,NULL);
INSERT INTO items VALUES(2121,58,'horizontal','',0,1800,1030,400,0,0,0,NULL,NULL,NULL,NULL);
INSERT INTO items VALUES(2122,58,'if',replace('/* Security Permission\nSuccessful? */ 1','\n',char(10)),0,2200,980,120,30,70,1,NULL,NULL,NULL,NULL);
INSERT INTO items VALUES(2123,58,'if',replace('g_Nexo.ServiceSettings\n[g_Ctd.SelectedService]\n.ctlsProcessingModeSupported','\n',char(10)),0,3660,730,150,30,30,1,NULL,NULL,NULL,NULL);
INSERT INTO items VALUES(2124,58,'vertical','',0,3840,730,0,200,0,0,NULL,NULL,NULL,NULL);
INSERT INTO items VALUES(2126,58,'insertion',replace('result =\nPre_Processing_Ctls();','\n',char(10)),1,3840,810,100,30,60,0,NULL,NULL,NULL,NULL);
INSERT INTO items VALUES(2127,58,'vertical','',0,4840,330,0,840,0,0,NULL,NULL,NULL,NULL);
INSERT INTO items VALUES(2128,58,'branch','Ok',0,4840,380,50,30,60,0,NULL,NULL,NULL,NULL);
INSERT INTO items VALUES(2129,58,'shelf','PR_OK',0,4840,510,50,40,40,0,NULL,'',NULL,'result');
INSERT INTO items VALUES(2130,58,'address','Return',0,4840,1120,50,30,60,0,NULL,NULL,NULL,NULL);
INSERT INTO items VALUES(2131,58,'vertical','',0,2830,330,0,840,0,0,NULL,'',NULL,'');
INSERT INTO items VALUES(2132,58,'branch','No Amount',0,2830,380,130,30,60,0,NULL,'',NULL,'');
INSERT INTO items VALUES(2133,58,'address','Contactless',0,2830,1120,130,30,60,0,NULL,'',NULL,'');
INSERT INTO items VALUES(2134,58,'if',replace('S_CANCELLATION\n==\ng_Ctd.SelectedService','\n',char(10)),0,2830,480,130,30,380,0,NULL,NULL,NULL,NULL);
INSERT INTO items VALUES(2135,58,'vertical','',0,3340,480,0,690,0,0,NULL,NULL,NULL,NULL);
INSERT INTO items VALUES(2137,58,'if',replace('S_CARD_VALIDITY_CHECK\n==\ng_Ctd.SelectedService','\n',char(10)),0,2830,560,130,30,380,0,NULL,NULL,NULL,NULL);
INSERT INTO items VALUES(2138,58,'shelf','(union Amount){ }',0,3340,620,130,40,40,0,NULL,NULL,NULL,'g_Ctd.TransactionAmount');
INSERT INTO items VALUES(2139,58,'shelf','true',0,3340,720,130,40,40,0,NULL,NULL,NULL,'g_Ctd.TransactionAmountEntered');
INSERT INTO items VALUES(2141,58,'if',replace('S_VOICE_AUTHORISATION\n==\ng_Ctd.SelectedService','\n',char(10)),0,2830,780,130,30,380,0,NULL,'',NULL,'');
INSERT INTO items VALUES(2142,58,'address','Contactless',0,3340,1120,130,30,60,0,NULL,NULL,NULL,NULL);
INSERT INTO items VALUES(2143,58,'if',replace('S_DEFFERED_PAYMENT\n==\ng_Ctd.SelectedService','\n',char(10)),0,2830,860,130,30,190,0,NULL,'',NULL,'');
INSERT INTO items VALUES(2144,58,'vertical','',0,3150,860,0,120,0,0,NULL,NULL,NULL,NULL);
INSERT INTO items VALUES(2145,58,'if',replace('g_Nexo.ServiceSettings\n[g_Ctd.SelectedService]\n.deferredPaymentTrxAmountRequired','\n',char(10)),0,3150,910,170,30,20,1,NULL,NULL,NULL,NULL);
INSERT INTO items VALUES(2154,58,'if',replace('S_PRE_AUTH\n==\ng_Ctd.SelectedService','\n',char(10)),0,2830,960,130,30,160,1,NULL,NULL,NULL,NULL);
INSERT INTO items VALUES(2155,58,'vertical','',0,3120,960,0,210,0,0,NULL,NULL,NULL,NULL);
INSERT INTO items VALUES(2157,58,'if',replace('g_Nexo.ServiceSettings\n[g_Ctd.SelectedService]\n.preauthTrxAmountRequired','\n',char(10)),0,2830,1040,130,30,160,0,NULL,'',NULL,'');
INSERT INTO items VALUES(2158,58,'address',replace('Configuration\nError','\n',char(10)),0,3120,1110,70,40,60,0,NULL,NULL,NULL,NULL);
INSERT INTO items VALUES(2159,58,'horizontal','',0,3120,980,30,0,0,0,NULL,NULL,NULL,NULL);
INSERT INTO items VALUES(2161,58,'vertical','',0,5200,330,0,840,0,0,NULL,NULL,NULL,NULL);
INSERT INTO items VALUES(2162,58,'branch','Nok',0,5200,380,50,30,60,0,NULL,NULL,NULL,NULL);
INSERT INTO items VALUES(2163,58,'address','Return',0,5200,1120,50,30,60,0,NULL,NULL,NULL,NULL);
INSERT INTO items VALUES(2164,58,'vertical','',0,4350,330,0,840,0,0,NULL,'',NULL,'');
INSERT INTO items VALUES(2165,58,'branch',replace('Configuration\nError','\n',char(10)),0,4350,390,100,40,60,0,NULL,'',NULL,'');
INSERT INTO items VALUES(2166,58,'address','Nok',0,4350,1120,100,30,60,0,NULL,'',NULL,'');
INSERT INTO items VALUES(2167,58,'shelf','N_CONFIGURATION_ERROR',0,4350,630,100,40,40,0,NULL,'',NULL,'g_Ctd.NokReason');
INSERT INTO items VALUES(2168,58,'vertical','',0,4130,330,0,840,0,0,NULL,'',NULL,'');
INSERT INTO items VALUES(2169,58,'branch',replace('Not\nAllowed','\n',char(10)),0,4130,390,100,40,60,0,NULL,'',NULL,'');
INSERT INTO items VALUES(2170,58,'address','Nok',0,4130,1120,100,30,60,0,NULL,'',NULL,'');
INSERT INTO items VALUES(2171,58,'shelf','N_CONFIGURATION_ERROR',0,4130,630,100,40,40,0,NULL,'',NULL,'g_Ctd.NokReason');
INSERT INTO items VALUES(2172,58,'if','PR_DONE == result',0,3840,880,100,20,20,1,NULL,NULL,NULL,NULL);
INSERT INTO items VALUES(2173,58,'vertical','',0,3960,880,0,290,0,0,NULL,NULL,NULL,NULL);
INSERT INTO items VALUES(2174,58,'horizontal','',0,3660,930,180,0,0,0,NULL,NULL,NULL,NULL);
INSERT INTO items VALUES(2175,58,'address','Bailout',0,3960,1120,50,30,60,0,NULL,NULL,NULL,NULL);
INSERT INTO items VALUES(2176,59,'beginend','Pre_Processing_Ctls',0,170,60,90,20,60,0,NULL,NULL,NULL,NULL);
INSERT INTO items VALUES(2177,59,'beginend','End',0,660,510,50,20,60,0,NULL,NULL,NULL,NULL);
INSERT INTO items VALUES(2178,59,'vertical','',0,170,80,0,520,0,0,NULL,NULL,NULL,NULL);
INSERT INTO items VALUES(2179,59,'vertical','',0,420,120,0,480,0,0,NULL,NULL,NULL,NULL);
INSERT INTO items VALUES(2180,59,'vertical','',0,660,120,0,380,0,0,NULL,NULL,NULL,NULL);
INSERT INTO items VALUES(2181,59,'horizontal','',0,170,120,490,0,0,0,NULL,NULL,NULL,NULL);
INSERT INTO items VALUES(2182,59,'arrow','',0,20,120,150,480,400,1,NULL,NULL,NULL,NULL);
INSERT INTO items VALUES(2183,59,'branch','branch 1',0,170,170,50,30,60,0,NULL,NULL,NULL,NULL);
INSERT INTO items VALUES(2184,59,'address','branch 2',0,170,550,50,30,60,0,NULL,NULL,NULL,NULL);
INSERT INTO items VALUES(2185,59,'branch','branch 2',0,420,170,50,30,60,0,NULL,NULL,NULL,NULL);
INSERT INTO items VALUES(2186,59,'branch','branch 3',0,660,170,120,30,60,0,NULL,NULL,NULL,NULL);
INSERT INTO items VALUES(2187,59,'address','branch 3',0,420,550,50,30,60,0,NULL,NULL,NULL,NULL);
INSERT INTO items VALUES(2188,59,'horizontal',NULL,0,170,60,200,0,0,0,NULL,NULL,NULL,NULL);
INSERT INTO items VALUES(2189,59,'action','returns enum ProcedureResult',0,430,60,130,20,0,0,NULL,NULL,NULL,NULL);
INSERT INTO items VALUES(2190,59,'action','return PR_NOT_IMPLEMENTED;',0,660,410,120,20,0,0,NULL,NULL,NULL,NULL);
CREATE TABLE diagram_info
(
	diagram_id integer,
	name text,
	value text,
	primary key (diagram_id, name)
);
CREATE TABLE tree_nodes
(
	node_id integer primary key,
	parent integer,
	type text,
	name text,
	diagram_id integer
);
INSERT INTO tree_nodes VALUES(19,0,'folder','06 Card Service Processing',NULL);
INSERT INTO tree_nodes VALUES(22,19,'folder','6.2 Service_Control',NULL);
INSERT INTO tree_nodes VALUES(23,22,'item','',18);
INSERT INTO tree_nodes VALUES(24,0,'folder','05 Terminal and Card Initiation',NULL);
INSERT INTO tree_nodes VALUES(25,19,'folder','6.3 Online Request Outcome Processing',NULL);
INSERT INTO tree_nodes VALUES(26,25,'item','',19);
INSERT INTO tree_nodes VALUES(27,19,'folder','6.4 Transaction Completion',NULL);
INSERT INTO tree_nodes VALUES(28,27,'item','',20);
INSERT INTO tree_nodes VALUES(29,19,'folder','6.5 Data Exchange Processing',NULL);
INSERT INTO tree_nodes VALUES(30,19,'folder','6.6 Service Supporting Functions',NULL);
INSERT INTO tree_nodes VALUES(31,30,'item','',21);
INSERT INTO tree_nodes VALUES(32,30,'item','',22);
INSERT INTO tree_nodes VALUES(33,19,'folder','6.7 UI Request Processing',NULL);
INSERT INTO tree_nodes VALUES(34,0,'folder','07 Card Interaction Layer',NULL);
INSERT INTO tree_nodes VALUES(39,34,'item','',25);
INSERT INTO tree_nodes VALUES(40,34,'item','',26);
INSERT INTO tree_nodes VALUES(41,34,'item','',27);
INSERT INTO tree_nodes VALUES(42,34,'item','',28);
INSERT INTO tree_nodes VALUES(44,34,'item','',30);
INSERT INTO tree_nodes VALUES(45,0,'folder','08 Kernel E Processing',NULL);
INSERT INTO tree_nodes VALUES(46,0,'folder','09 Kernel M Processing',NULL);
INSERT INTO tree_nodes VALUES(47,0,'folder','11 Supporting Functions',NULL);
INSERT INTO tree_nodes VALUES(48,30,'item','',31);
INSERT INTO tree_nodes VALUES(49,30,'item','',32);
INSERT INTO tree_nodes VALUES(50,22,'item','',33);
INSERT INTO tree_nodes VALUES(51,22,'item',NULL,34);
INSERT INTO tree_nodes VALUES(52,34,'item','',35);
INSERT INTO tree_nodes VALUES(53,24,'item','',36);
INSERT INTO tree_nodes VALUES(55,24,'item',NULL,38);
INSERT INTO tree_nodes VALUES(56,24,'item',NULL,39);
INSERT INTO tree_nodes VALUES(57,24,'item',NULL,40);
INSERT INTO tree_nodes VALUES(58,24,'item',NULL,41);
INSERT INTO tree_nodes VALUES(70,24,'folder','Idle_Event_Handlers',NULL);
INSERT INTO tree_nodes VALUES(71,70,'item','',42);
INSERT INTO tree_nodes VALUES(72,70,'item','',43);
INSERT INTO tree_nodes VALUES(73,70,'item','',44);
INSERT INTO tree_nodes VALUES(74,70,'item','',45);
INSERT INTO tree_nodes VALUES(75,70,'item','',46);
INSERT INTO tree_nodes VALUES(76,70,'item','',47);
INSERT INTO tree_nodes VALUES(77,70,'item','',48);
INSERT INTO tree_nodes VALUES(78,70,'item','',49);
INSERT INTO tree_nodes VALUES(80,70,'item','',51);
INSERT INTO tree_nodes VALUES(81,70,'item','',52);
INSERT INTO tree_nodes VALUES(82,24,'item',NULL,53);
INSERT INTO tree_nodes VALUES(83,0,'folder','04 Data Model',NULL);
INSERT INTO tree_nodes VALUES(84,83,'item','',54);
INSERT INTO tree_nodes VALUES(85,24,'item',NULL,55);
INSERT INTO tree_nodes VALUES(86,83,'item',NULL,56);
INSERT INTO tree_nodes VALUES(87,70,'item',NULL,57);
INSERT INTO tree_nodes VALUES(88,34,'item',NULL,58);
INSERT INTO tree_nodes VALUES(89,34,'item',NULL,59);
CREATE INDEX items_per_diagram on items (diagram_id);
CREATE UNIQUE INDEX node_for_diagram on tree_nodes (diagram_id);
COMMIT;
